source_name,sub_family_node_id,sub_family_label,current_family_node_id,current_family_label,leaf_count,example_leaf_labels,review_action,override_family_node_id,override_family_label,review_note
esco_1_2_1,,(missing sub-family label),,(missing family label),6,12330cce-d129-4d87-9d8b-7dc7bfabac83|1b99cad3-27c6-4e19-83b6-7b5f8338ed2b|46d0568d-7415-4643-94aa-89d2470fbe3c|6fe645b0-463a-445d-ab8f-c0a5132beb68|98562ce3-9632-4226-b129-c67eb9c54f0f|a9e54177-a185-404d-b6e6-15663d31137e,,,,
esco_1_2_1,14792,Management and organisation analysts,14791,Administration professionals,8,business intelligence manager|manufacturing cost estimator|logistics analyst|business analyst|business consultant|process officer|building information modelling consultant|lean manager,,,,
esco_1_2_1,14794,Personnel and careers professionals,14791,Administration professionals,7,recruitment consultant|compensation analyst|labour relations officer|career guidance advisor|occupational analyst|human resources officer|employment and vocational integration consultant,,,,
esco_1_2_1,14793,Policy administration professionals,14791,Administration professionals,32,housing policy officer|procurement category specialist|social service consultant|regional development policy officer|competition policy officer|community development officer|humanitarian advisor|intelligence officer,,,,
esco_1_2_1,14795,Training and staff development professionals,14791,Administration professionals,2,corporate trainer|business coach,,,,
esco_1_2_1,14917,Administrative and executive secretaries,14914,Administrative and specialised secretaries,12,administrative assistant|fundraising assistant|executive assistant|scopist|education administrator|project support officer|management assistant|court reporter,,,,
esco_1_2_1,14916,Legal secretaries,14914,Administrative and specialised secretaries,2,legal administrative assistant|civil registrar,,,,
esco_1_2_1,14918,Medical secretaries,14914,Administrative and specialised secretaries,3,medical administrative assistant|medical transcriptionist|medical practice manager,,,,
esco_1_2_1,14915,Office supervisors,14914,Administrative and specialised secretaries,7,field survey manager|call centre analyst|call centre quality auditor|call centre supervisor|office manager|contact centre supervisor|data entry supervisor,,,,
esco_1_2_1,15237,Crop farm labourers,15236,"Agricultural, forestry and fishery labourers",2,fruit and vegetable picker|vineyard worker,,,,
esco_1_2_1,15242,Fishery and aquaculture labourers,15236,"Agricultural, forestry and fishery labourers",4,on foot aquatic resources collector|aquaculture cage mooring worker|water-based aquaculture worker|aquaculture harvesting worker,,,,
esco_1_2_1,15241,Forestry labourers,15236,"Agricultural, forestry and fishery labourers",1,forest worker,,,,
esco_1_2_1,15240,Garden and horticultural labourers,15236,"Agricultural, forestry and fishery labourers",2,horticulture worker|garden labourer,,,,
esco_1_2_1,15238,Livestock farm labourers,15236,"Agricultural, forestry and fishery labourers",4,livestock worker|equine worker|catcher|groom,,,,
esco_1_2_1,15239,Mixed crop and livestock farm labourers,15236,"Agricultural, forestry and fishery labourers",1,crop production worker,,,,
esco_1_2_1,15061,Animal producers not elsewhere classified,15057,Animal producers,1,fur animals breeder,,,,
esco_1_2_1,15060,Apiarists and sericulturists,15057,Animal producers,1,bee breeder,,,,
esco_1_2_1,15058,Livestock and dairy producers,15057,Animal producers,6,horse breeder|shepherd|equine yard manager|sheep breeder|cattle breeder|pig breeder,,,,
esco_1_2_1,15059,Poultry producers,15057,Animal producers,2,poultry sexer|poultry breeder,,,,
esco_1_2_1,14740,Building architects,14739,"Architects, planners, surveyors and designers",2,architect|interior architect,,,,
esco_1_2_1,14744,Cartographers and surveyors,14739,"Architects, planners, surveyors and designers",6,mine surveyor|cadastral technician|hydrographic surveyor|geographic information systems specialist|cartographer|land surveyor,,,,
esco_1_2_1,14745,Graphic and multimedia designers,14739,"Architects, planners, surveyors and designers",16,performance lighting designer|gambling games designer|illustrator|web designer|stop-motion animator|animator|3D animator|graphic designer,,,,
esco_1_2_1,14741,Landscape architects,14739,"Architects, planners, surveyors and designers",2,landscape architect|landscape designer,,,,
esco_1_2_1,14742,Product and garment designers,14739,"Architects, planners, surveyors and designers",15,footwear designer|puppet designer|textile designer|automotive designer|jewellery designer|model maker|textile product developer|textile colourist,,,,
esco_1_2_1,14743,Town and traffic planners,14739,"Architects, planners, surveyors and designers",5,mobility services manager|land planner|smart city consultant|transport planner|urban planner,,,,
esco_1_2_1,14666,"Armed forces occupations, other ranks",14665,"Armed forces occupations, other ranks",5,intelligence communications interceptor|military engineer|infantry soldier|air force pilot|bomb disposal technician,,,,
esco_1_2_1,14939,Chefs,14935,"Artistic, cultural and culinary associate professionals",5,head chef|chef|pastry chef|private chef|head pastry chef,,,,
esco_1_2_1,14938,"Gallery, museum and library technicians",14935,"Artistic, cultural and culinary associate professionals",3,big data archive librarian|art handler|taxidermist,,,,
esco_1_2_1,14937,Interior designers and decorators,14935,"Artistic, cultural and culinary associate professionals",8,set builder|visual merchandiser|scenic painter|interior designer|interior planner|set designer|miniature set designer|merchandiser,,,,
esco_1_2_1,14940,Other artistic and cultural associate professionals,14935,"Artistic, cultural and culinary associate professionals",32,automated fly bar operator|intelligent lighting engineer|stage manager|stand-in|media integration operator|dresser|audio production technician|costume attendant,,,,
esco_1_2_1,14936,Photographers,14935,"Artistic, cultural and culinary associate professionals",2,photojournalist|photographer,,,,
esco_1_2_1,15207,Assemblers not elsewhere classified,15204,Assemblers,11,ammunition assembler|metal furniture machine operator|medical device assembler|firework assembler|plastic products assembler|jewellery assembler|rubber goods assembler|wood products assembler,,,,
esco_1_2_1,15206,Electrical and electronic equipment assemblers,15204,Assemblers,14,semiconductor processor|dental instrument assembler|wave soldering machine operator|electrical equipment assembler|surface-mount technology machine operator|electronic equipment assembler|battery assembler|photographic equipment assembler,,,,
esco_1_2_1,15205,Mechanical machinery assemblers,15204,Assemblers,11,aircraft engine assembler|mechatronics assembler|motorcycle assembler|motor vehicle parts assembler|rolling stock assembler|vessel engine assembler|aircraft assembler|industrial machinery assembler,,,,
esco_1_2_1,14829,Authors and related writers,14828,"Authors, journalists and linguists",9,medical writer|book editor|dramaturge|speechwriter|technical communicator|writer|lyricist|script writer,,,,
esco_1_2_1,14830,Journalists,14828,"Authors, journalists and linguists",18,fact checker|newspaper editor|foreign correspondent|vlogger|sports journalist|picture editor|copy editor|journalist,,,,
esco_1_2_1,14831,"Translators, interpreters and other linguists",14828,"Authors, journalists and linguists",9,translator|interpreter|lexicographer|lawyer linguist|graphologist|sign language interpreter|linguist|localiser,,,,
esco_1_2_1,15110,"Blacksmiths, hammersmiths and forging press workers",15109,"Blacksmiths, toolmakers and related trades workers",5,hydraulic forging press worker|drop forging hammer worker|mechanical forging press worker|farrier|blacksmith,,,,
esco_1_2_1,15113,"Metal polishers, wheel grinders and tool sharpeners",15109,"Blacksmiths, toolmakers and related trades workers",2,tool grinder|metal polisher,,,,
esco_1_2_1,15112,Metal working machine tool setters and operators,15109,"Blacksmiths, toolmakers and related trades workers",34,gear machinist|boring machine operator|briquetting machine operator|plasma cutting machine operator|engraving machine operator|spark erosion machine operator|grinding machine operator|water jet cutter operator,,,,
esco_1_2_1,15111,Toolmakers and related workers,15109,"Blacksmiths, toolmakers and related trades workers",5,gunsmith|casting mould maker|locksmith|precision mechanic|tool and die maker,,,,
esco_1_2_1,15009,Building caretakers,15006,Building and housekeeping supervisors,3,building caretaker|verger|house sitter,,,,
esco_1_2_1,15007,"Cleaning and housekeeping supervisors in offices, hotels and other establishments",15006,Building and housekeeping supervisors,2,hotel butler|housekeeping supervisor,,,,
esco_1_2_1,15008,Domestic housekeepers,15006,Building and housekeeping supervisors,3,bed and breakfast operator|domestic housekeeper|domestic butler,,,,
esco_1_2_1,15097,Air conditioning and refrigeration mechanics,15090,Building finishers and related trades workers,1,heating and ventilation service installer,,,,
esco_1_2_1,15092,Floor layers and tile setters,15090,Building finishers and related trades workers,4,tile fitter|resilient floor layer|hardwood floor layer|carpet fitter,,,,
esco_1_2_1,15095,Glaziers,15090,Building finishers and related trades workers,2,vehicle glazier|plate glass installer,,,,
esco_1_2_1,15094,Insulation workers,15090,Building finishers and related trades workers,1,insulation worker,,,,
esco_1_2_1,15093,Plasterers,15090,Building finishers and related trades workers,2,ceiling installer|plasterer,,,,
esco_1_2_1,15096,Plumbers and pipe fitters,15090,Building finishers and related trades workers,14,sprinkler fitter|water network operative|water conservation technician|bathroom fitter|drain technician|irrigation technician|sewerage network operative|heating technician,,,,
esco_1_2_1,15091,Roofers,15090,Building finishers and related trades workers,1,roofer,,,,
esco_1_2_1,15085,Bricklayers and related workers,15083,Building frame and related trades workers,1,bricklayer,,,,
esco_1_2_1,15089,Building frame and related trades workers not elsewhere classified,15083,Building frame and related trades workers,5,construction scaffolder|tent installer|manufactured wooden building assembler|steeplejack|demolition worker,,,,
esco_1_2_1,15088,Carpenters and joiners,15083,Building frame and related trades workers,7,door installer|staircase installer|carpenter|frame maker|window installer|kitchen unit installer|fireplace installer,,,,
esco_1_2_1,15087,"Concrete placers, concrete finishers and related workers",15083,Building frame and related trades workers,2,terrazzo setter|concrete finisher,,,,
esco_1_2_1,15084,House builders,15083,Building frame and related trades workers,1,house builder,,,,
esco_1_2_1,15086,"Stonemasons, stone cutters, splitters and carvers",15083,Building frame and related trades workers,2,stone engraver|stonemason,,,,
esco_1_2_1,14913,Business services agents not elsewhere classified,14908,Business services agents,8,publishing rights manager|relocation officer|promoter|tourism contract negotiator|intellectual property consultant|talent agent|auctioneer|advertising sales agent,,,,
esco_1_2_1,14909,Clearing and forwarding agents,14908,Business services agents,40,"import export specialist in wood and construction materials|import export specialist in agricultural raw materials, seeds and animal feeds|import export specialist in meat and meat products|forwarding manager|import export specialist in fruit and vegetables|import export specialist in hardware, plumbing and heating equipment|import export specialist in beverages|import export specialist in flowers and plants",,,,
esco_1_2_1,14910,Conference and event planners,14908,Business services agents,5,event manager|venue programmer|wedding planner|event assistant|venue director,,,,
esco_1_2_1,14911,Employment agents and contractors,14908,Business services agents,1,employment agent,,,,
esco_1_2_1,14912,Real estate agents and property managers,14908,Business services agents,8,real estate manager|real estate investor|real estate agent|title closer|property acquisitions manager|real estate leasing manager|letting agent|housing manager,,,,
esco_1_2_1,14681,Business services and administration managers not elsewhere classified,14677,Business services and administration managers,14,foundry manager|quality services manager|corporate social responsibility manager|business service manager|water treatment plant manager|manufacturing facility manager|chemical plant manager|defence administration officer,,,,
esco_1_2_1,14678,Finance managers,14677,Business services and administration managers,5,accounting manager|financial manager|corporate treasurer|budget manager|bank treasurer,,,,
esco_1_2_1,14679,Human resource managers,14677,Business services and administration managers,6,volunteer manager|equality and inclusion manager|employee volunteering programme coordinator|corporate training manager|talent acquisition manager|human resources manager,,,,
esco_1_2_1,14680,Policy and planning managers,14677,Business services and administration managers,13,branch manager|EU funds manager|sustainability manager|strategic planning manager|business manager|health safety and environmental manager|policy manager|director of compliance and information security in gambling,,,,
esco_1_2_1,15214,"Car, taxi and van drivers",15212,"Car, van and motorcycle drivers",7,car and van delivery driver|taxi driver|parking valet|armoured car driver|patient transport services driver|hearse driver|private chauffeur,,,,
esco_1_2_1,15213,Motorcycle drivers,15212,"Car, van and motorcycle drivers",1,motorcycle delivery person,,,,
esco_1_2_1,15026,Cashiers and ticket clerks,15025,Cashiers and ticket clerks,3,cashier|lottery cashier|ticket issuing clerk,,,,
esco_1_2_1,15178,Chemical products plant and machine operators,15177,Chemical and photographic products plant and machine operators,30,nonwoven filament machine operator|nitroglycerin separator operator|lime kiln operator|granulator machine operator|pesticide mixer|pyrotechnics drying room attendant|gauger|lacquer maker,,,,
esco_1_2_1,15179,Photographic products machine operators,15177,Chemical and photographic products plant and machine operators,2,photographic developer|motion picture film developer,,,,
esco_1_2_1,15037,Child care workers,15036,Child care workers and teachers’ aides,6,nanny|child care worker|child day care worker|school bus attendant|babysitter|au pair,,,,
esco_1_2_1,15038,Teachers’ aides,15036,Child care workers and teachers’ aides,4,primary school teaching assistant|special educational needs assistant|early years teaching assistant|secondary school teaching assistant,,,,
esco_1_2_1,14973,Client information workers not elsewhere classified,14965,Client information workers,1,hotel concierge,,,,
esco_1_2_1,14967,Contact centre information clerks,14965,Client information workers,2,customer contact centre information clerk|live chat operator,,,,
esco_1_2_1,14970,Enquiry clerks,14965,Client information workers,1,customer service representative,,,,
esco_1_2_1,14969,Hotel receptionists,14965,Client information workers,3,night auditor|hospitality establishment receptionist|camping ground operative,,,,
esco_1_2_1,14971,Receptionists (general),14965,Client information workers,3,front line medical receptionist|veterinary receptionist|receptionist,,,,
esco_1_2_1,14972,Survey and market research interviewers,14965,Client information workers,2,market research interviewer|survey enumerator,,,,
esco_1_2_1,14968,Telephone switchboard operators,14965,Client information workers,2,telephone switchboard operator|emergency medical dispatcher,,,,
esco_1_2_1,14966,Travel consultants and clerks,14965,Client information workers,9,travel consultant|tour organiser|ground steward/ground stewardess|travel agent|railway sales agent|tourist information officer|host/hostess|tour operator representative,,,,
esco_1_2_1,14660,Commissioned armed forces officers,14659,Commissioned armed forces officers,12,fleet commander|navy officer|artillery officer|army captain|lieutenant|colonel|brigadier|armed forces officer,,,,
esco_1_2_1,14999,Cooks,14998,Cooks,5,industrial cook|cook|diet cook|fish cook|grill cook,,,,
esco_1_2_1,14837,Actors,14832,Creative and performing artists,2,actor/actress|voice-over artist,,,,
esco_1_2_1,14838,"Announcers on radio, television and other media",14832,Creative and performing artists,3,presenter|audio describer|news anchor,,,,
esco_1_2_1,14839,Creative and performing artists not elsewhere classified,14832,Creative and performing artists,9,street artist|circus artist|puppeteer|community artist|street performer|variety artist|tourist animator|performance artist,,,,
esco_1_2_1,14835,Dancers and choreographers,14832,Creative and performing artists,4,dance répétiteur|dancer|choreographer|choreologist,,,,
esco_1_2_1,14836,"Film, stage and related directors and producers",14832,Creative and performing artists,17,technical director|art administrator|video and motion picture director|performance lighting director|animation director|video and motion picture producer|production designer|casting director,,,,
esco_1_2_1,14834,"Musicians, singers and composers",14832,Creative and performing artists,10,musical conductor|music director|disc jockey|music arranger|singer|composer|sound artist|choirmaster/choirmistress,,,,
esco_1_2_1,14833,Visual artists,14832,Creative and performing artists,11,art restorer|artistic painter|drawing artist|video artist|printmaker|sculptor|conceptual artist|storyboard artist,,,,
esco_1_2_1,14811,Computer network professionals,14808,Database and network professionals,3,ICT capacity planner|ICT network engineer|ICT network architect,,,,
esco_1_2_1,14812,Database and network professionals not elsewhere classified,14808,Database and network professionals,9,ICT security administrator|digital forensics expert|cyber incident responder|embedded systems security engineer|chief ICT security officer|ethical hacker|cybersecurity risk manager|knowledge engineer,,,,
esco_1_2_1,14809,Database designers and administrators,14808,Database and network professionals,5,data warehouse designer|database integrator|database administrator|database designer|database developer,,,,
esco_1_2_1,14810,Systems administrators,14808,Database and network professionals,3,ICT network administrator|system configurator|ICT system administrator,,,,
esco_1_2_1,15229,"Cleaners and helpers in offices, hotels and other establishments",15227,"Domestic, hotel and office cleaners and helpers",6,toilet attendant|furniture cleaner|building cleaner|aircraft groomer|room attendant|train cleaner,,,,
esco_1_2_1,15228,Domestic cleaners and helpers,15227,"Domestic, hotel and office cleaners and helpers",1,domestic cleaner,,,,
esco_1_2_1,15136,Building and related electricians,15135,Electrical equipment installers and repairers,7,building electrician|electrician|domestic electrician|industrial electrician|solar energy technician|event electrician|electric meter technician,,,,
esco_1_2_1,15138,Electrical line installers and repairers,15135,Electrical equipment installers and repairers,4,cable jointer|overhead line worker|electricity distribution technician|street lighting electrician,,,,
esco_1_2_1,15137,Electrical mechanics and fitters,15135,Electrical equipment installers and repairers,13,automotive battery technician|ski lift operator|electrical mechanic|theme park technician|automotive electrician|power tool repair technician|ground lighting officer|geothermal technician,,,,
esco_1_2_1,15140,Electronics mechanics and servicers,15139,Electronics and telecommunications installers and repairers,9,smart home installer|marine electronics technician|ATM repair technician|railway electronic technician|office equipment repair technician|tramways technician|avionics technician|vehicle electronics installer,,,,
esco_1_2_1,15141,Information and communications technology installers and servicers,15139,Electronics and telecommunications installers and repairers,9,telecommunications technician|communication infrastructure maintainer|radio technician|mobile devices technician|computer hardware repair technician|fibre optic installer|security alarm technician|telecommunications equipment maintainer,,,,
esco_1_2_1,14736,Electrical engineers,14735,Electrotechnology engineers,10,electromagnetic engineer|electric power generation engineer|smart home engineer|battery system engineer|electromechanical engineer|electrical engineer|power distribution engineer|battery simulation engineer,,,,
esco_1_2_1,14737,Electronics engineers,14735,Electrotechnology engineers,17,medical device engineer|satellite engineer|optoelectronic engineer|language engineer|electronics engineer|sensor engineer|flight test engineer|microelectronics designer,,,,
esco_1_2_1,14738,Telecommunications engineers,14735,Electrotechnology engineers,2,telecommunications engineer|telecommunications analyst,,,,
esco_1_2_1,14732,Chemical engineers,14727,Engineering professionals (excluding electrotechnology),12,oenologist|food technologist|synthetic materials engineer|gas distribution engineer|gas production engineer|brewmaster|rubber technologist|paper engineer,,,,
esco_1_2_1,14729,Civil engineers,14727,Engineering professionals (excluding electrotechnology),11,geological engineer|construction engineer|rail project engineer|pipeline engineer|drainage engineer|transport engineer|airport planning engineer|civil engineer,,,,
esco_1_2_1,14734,Engineering professionals not elsewhere classified,14727,Engineering professionals (excluding electrotechnology),41,dismantling engineer|biomedical engineer|dependability engineer|quantity surveyor|renewable energy engineer|component engineer|energy systems engineer|innovation engineer,,,,
esco_1_2_1,14730,Environmental engineers,14727,Engineering professionals (excluding electrotechnology),6,environmental mining engineer|recycling specialist|wastewater engineer|environmental expert|waste treatment engineer|environmental engineer,,,,
esco_1_2_1,14728,Industrial and production engineers,14727,Engineering professionals (excluding electrotechnology),15,clothing technologist|food production engineer|industrial engineer|maintenance and repair engineer|manufacturing engineer|textile technologist|food and beverage packaging technologist|packaging production manager,,,,
esco_1_2_1,14731,Mechanical engineers,14727,Engineering professionals (excluding electrotechnology),26,"steam engineer|welding engineer|equipment engineer|heating, ventilation, air conditioning engineer|rotating equipment engineer|agricultural engineer|packing machinery engineer|mechanical engineer",,,,
esco_1_2_1,14733,"Mining engineers, metallurgists and related professionals",14727,Engineering professionals (excluding electrotechnology),13,quarry engineer|chemical metallurgist|drilling engineer|explosives engineer|liquid fuel engineer|process metallurgist|mine development engineer|mineral processing engineer,,,,
esco_1_2_1,14788,Accountants,14787,Finance professionals,13,financial auditor|budget analyst|tax advisor|financial controller|public finance accountant|cost analyst|grants management officer|financial fraud examiner,,,,
esco_1_2_1,14790,Financial analysts,14787,Finance professionals,6,securities analyst|mergers and acquisitions analyst|insurance rating analyst|middle office analyst|financial analyst|investment analyst,,,,
esco_1_2_1,14789,Financial and investment advisers,14787,Finance professionals,16,investment manager|financial planner|corporate investment banker|investment adviser|investor relations manager|public funding advisor|business valuer|venture capitalist,,,,
esco_1_2_1,14900,Accounting associate professionals,14897,Financial and mathematical associate professionals,3,grants administrator|accounting assistant|bookkeeper,,,,
esco_1_2_1,14899,Credit and loans officers,14897,Financial and mathematical associate professionals,9,credit analyst|credit adviser|credit manager|mortgage broker|bank account manager|loan officer|mortgage loan underwriter|credit risk analyst,,,,
esco_1_2_1,14898,Securities and finance dealers and brokers,14897,Financial and mathematical associate professionals,13,foreign exchange trader|energy trader|stock trader|securities trader|financial trader|securities underwriter|stock broker|financial broker,,,,
esco_1_2_1,14901,"Statistical, mathematical and related associate professionals",14897,Financial and mathematical associate professionals,2,actuarial assistant|statistical assistant,,,,
esco_1_2_1,14902,Valuers and loss assessors,14897,Financial and mathematical associate professionals,8,insurance claims handler|foreclosure specialist|insurance fraud investigator|property appraiser|real estate surveyor|loss adjuster|personal property appraiser|gemmologist,,,,
esco_1_2_1,15068,Aquaculture workers,15067,"Fishery workers, hunters and trappers",11,aquaculture hatchery manager|water-based aquaculture technician|aquaculture cage technician|aquaculture rearing technician|aquaculture hatchery worker|aquaculture husbandry worker|aquaculture mooring manager|aquaculture harvesting technician,,,,
esco_1_2_1,15070,Deep-sea fishery workers,15067,"Fishery workers, hunters and trappers",3,deep-sea fishery worker|fisheries master|fisheries boatmaster,,,,
esco_1_2_1,15071,Hunters and trappers,15067,"Fishery workers, hunters and trappers",1,hunter,,,,
esco_1_2_1,15069,Inland and coastal waters fishery workers,15067,"Fishery workers, hunters and trappers",1,fisheries boatman,,,,
esco_1_2_1,15194,Food and related products machine operators,15193,Food and related products machine operators,55,hydrogenation machine operator|pasta operator|coffee grinder|candy machine operator|blending plant operator|sauce production operator|brew house operator|centrifuge operator,,,,
esco_1_2_1,15258,Fast food preparers,15257,Food preparation assistants,2,quick service restaurant crew member|pizzaiolo,,,,
esco_1_2_1,15259,Kitchen helpers,15257,Food preparation assistants,2,kitchen assistant|kitchen porter,,,,
esco_1_2_1,15145,"Bakers, pastry-cooks and confectionery makers",15143,Food processing and related trades workers,5,baker|pasta maker|chocolatier|confectioner|pastry maker,,,,
esco_1_2_1,15144,"Butchers, fishmongers and related food preparers",15143,Food processing and related trades workers,10,meat cutter|slaughterer|butcher|halal butcher|fish trimmer|meat preparations operator|fish preparation operator|kosher slaughterer,,,,
esco_1_2_1,15146,Dairy-products makers,15143,Food processing and related trades workers,2,dairy products maker|milk reception operator,,,,
esco_1_2_1,15148,Food and beverage tasters and graders,15143,Food processing and related trades workers,5,coffee taster|master coffee roaster|farm milk controller|food grader|malt master,,,,
esco_1_2_1,15147,"Fruit, vegetable and related preservers",15143,Food processing and related trades workers,2,oilseed presser|oil mill operator,,,,
esco_1_2_1,15149,Tobacco preparers and tobacco products makers,15143,Food processing and related trades workers,3,curing room worker|leaf sorter|leaf tier,,,,
esco_1_2_1,15066,Forestry and related workers,15065,Forestry and related workers,1,forest ranger,,,,
esco_1_2_1,15156,Garment and related pattern-makers and cutters,15154,Garment and related trades workers,7,clothing product grader|wearing apparel patternmaker|digital prototyper|leather goods CAD patternmaker|leather goods patternmaker|clothing CAD patternmaker|clothing cutter,,,,
esco_1_2_1,15159,"Pelt dressers, tanners and fellmongers",15154,Garment and related trades workers,2,tanner|leather sorter,,,,
esco_1_2_1,15157,"Sewing, embroidery and related workers",15154,Garment and related trades workers,5,made-up textile articles manufacturer|sewing machinist|embroiderer|glove maker|doll maker,,,,
esco_1_2_1,15160,Shoemakers and related workers,15154,Garment and related trades workers,13,bespoke footwear technician|hand lasting operator|orthopaedic footwear technician|leather goods hand cutting operator|leather goods manual operator|footwear CAD patternmaker|footwear 3D developer|leather goods finishing operator,,,,
esco_1_2_1,15155,"Tailors, dressmakers, furriers and hatters",15154,Garment and related trades workers,6,dressmaker|tailor|costume maker|wig and hairpiece maker|hide grader|milliner,,,,
esco_1_2_1,15158,Upholsterers and related workers,15154,Garment and related trades workers,7,marine upholsterer|railway car upholsterer|mattress maker|upholsterer|aircraft interior technician|motor vehicle upholsterer|furniture upholsterer,,,,
esco_1_2_1,14953,General office clerks,14952,General office clerks,2,membership administrator|office clerk,,,,
esco_1_2_1,15005,Beauticians and related workers,15003,"Hairdressers, beauticians and related workers",12,masseur/masseuse|spa attendant|pedicurist|make-up artist|make-up and hair designer|hair removal technician|weight loss consultant|aesthetician,,,,
esco_1_2_1,15004,Hairdressers,15003,"Hairdressers, beauticians and related workers",5,hairdresser|barber|hairdresser assistant|hair stylist|performance hairdresser,,,,
esco_1_2_1,15125,"Glass makers, cutters, grinders and finishers",15120,Handicraft workers,2,glass-blower|glass beveller,,,,
esco_1_2_1,15128,"Handicraft workers in textile, leather and related materials",15120,Handicraft workers,6,weaver|knitter|leather goods artisanal worker|carpet handicraft worker|carpet weaver|fishing net maker,,,,
esco_1_2_1,15127,"Handicraft workers in wood, basketry and related materials",15120,Handicraft workers,6,toymaker|wicker furniture maker|brush maker|artisan papermaker|basketmaker|woodcarver,,,,
esco_1_2_1,15129,Handicraft workers not elsewhere classified,15120,Handicraft workers,2,sports equipment repair technician|candle maker,,,,
esco_1_2_1,15123,Jewellery and precious-metal workers,15120,Handicraft workers,10,filigree maker|jewellery engraver|jeweller|precious stone setter|precious stone cutter|jewellery mounter|goldsmith|jewellery repairer,,,,
esco_1_2_1,15122,Musical instrument makers and tuners,15120,Handicraft workers,13,stringed musical instrument maker|harpsichord maker|musical instrument technician|instrument technician|guitar maker|piano maker|membranophone musical instruments maker|harp maker,,,,
esco_1_2_1,15124,Potters and related workers,15120,Handicraft workers,3,hand brick moulder|pottery and porcelain caster|production potter,,,,
esco_1_2_1,15121,Precision-instrument makers and repairers,15120,Handicraft workers,6,clock and watchmaker|optical instrument assembler|watch and clock repairer|optical instrument repairer|surgical instrument maker|precision instrument assembler,,,,
esco_1_2_1,15126,"Sign writers, decorative painters, engravers and etchers",15120,Handicraft workers,8,ceramic painter|glass engraver|decorative painter|glass painter|metal engraver|wood painter|sign maker|porcelain painter,,,,
esco_1_2_1,15216,Bus and tram drivers,15215,Heavy truck and bus drivers,3,bus driver|tram driver|trolley bus driver,,,,
esco_1_2_1,15217,Heavy truck and lorry drivers,15215,Heavy truck and bus drivers,9,fire service vehicle operator|aircraft fuel system operator|refuse vehicle driver|cargo vehicle driver|concrete pump operator|tow truck driver|live animal transporter|moving truck driver,,,,
esco_1_2_1,14707,Hotel managers,14706,Hotel and restaurant managers,3,rooms division manager|hospitality entertainment manager|accommodation manager,,,,
esco_1_2_1,14708,Restaurant managers,14706,Hotel and restaurant managers,1,restaurant manager,,,,
esco_1_2_1,14945,Computer network and systems technicians,14942,Information and communications technology operations and user support technicians,2,aviation data communications manager|ICT network technician,,,,
esco_1_2_1,14943,Information and communications technology operations technicians,14942,Information and communications technology operations and user support technicians,1,data centre operator,,,,
esco_1_2_1,14944,Information and communications technology user support technicians,14942,Information and communications technology operations and user support technicians,4,ICT help desk manager|ICT technician|ICT security technician|ICT help desk agent,,,,
esco_1_2_1,14946,Web technicians,14942,Information and communications technology operations and user support technicians,1,webmaster,,,,
esco_1_2_1,14696,Information and communications technology service managers,14695,Information and communications technology service managers,13,telecommunications manager|ICT documentation manager|digital transformation manager|chief technology officer|ICT information and knowledge manager|chief information officer|ICT project manager|ICT product manager,,,,
esco_1_2_1,14958,Data entry clerks,14956,Keyboard operators,1,data entry clerk,,,,
esco_1_2_1,14957,Typists and word processing operators,14956,Keyboard operators,1,typist,,,,
esco_1_2_1,14816,Judges,14814,Legal professionals,2,judge|supreme court judge,,,,
esco_1_2_1,14815,Lawyers,14814,Legal professionals,3,lawyer|prosecutor|corporate lawyer,,,,
esco_1_2_1,14817,Legal professionals not elsewhere classified,14814,Legal professionals,12,data protection officer|election observer|contract manager|legal consultant|mediator|ombudsman|court jury coordinator|regulatory affairs manager,,,,
esco_1_2_1,14928,Legal and related associate professionals,14927,"Legal, social and religious associate professionals",10,court clerk|court bailiff|store detective|private detective|legal assistant|court administrative officer|conveyance clerk|court enforcement officer,,,,
esco_1_2_1,14930,Religious associate professionals,14927,"Legal, social and religious associate professionals",2,monk/nun|pastoral worker,,,,
esco_1_2_1,14929,Social work associate professionals,14927,"Legal, social and religious associate professionals",18,legal guardian|volunteer mentor|foster care support worker|child welfare worker|family support worker|residential childcare worker|housing support worker|social work assistant,,,,
esco_1_2_1,14670,Legislators,14669,Legislators and senior officials,7,secretary of state|government minister|member of parliament|mayor|city councillor|senator|governor,,,,
esco_1_2_1,14671,Senior government officials,14669,Legislators and senior officials,9,public administration manager|ambassador|diplomat|police commissioner|secretary general|central bank governor|embassy counsellor|consul,,,,
esco_1_2_1,14673,Senior officials of special-interest organisations,14669,Legislators and senior officials,1,special-interest groups' official,,,,
esco_1_2_1,14819,Archivists and curators,14818,"Librarians, archivists and curators",9,exhibition curator|conservator|exhibition registrar|collection manager|museum scientist|cultural visitor services manager|archivist|zoo registrar,,,,
esco_1_2_1,14820,Librarians and related information professionals,14818,"Librarians, archivists and curators",2,information manager|librarian,,,,
esco_1_2_1,14724,"Biologists, botanists, zoologists and related professionals",14723,Life science professionals,19,pharmacologist|biophysicist|physiologist|toxicologist|botanist|geneticist|bioinformatics scientist|aquaculture biologist,,,,
esco_1_2_1,14726,Environmental protection professionals,14723,Life science professionals,15,environmental scientist|water quality analyst|pipeline environmental project manager|environmental programme coordinator|airport environment officer|soil scientist|groundwater monitoring technician|nature conservation officer,,,,
esco_1_2_1,14725,"Farming, forestry and fisheries advisers",14723,Life science professionals,6,fisheries adviser|aquaculture recirculation manager|agricultural scientist|agronomist|livestock advisor|forestry adviser,,,,
esco_1_2_1,14865,Agricultural technicians,14863,Life science technicians and related associate professionals,4,agricultural technician|aquaculture site supervisor|viticulture adviser|aquaculture quality supervisor,,,,
esco_1_2_1,14866,Forestry technicians,14863,Life science technicians and related associate professionals,1,forestry technician,,,,
esco_1_2_1,14864,Life science technicians (excluding medical),14863,Life science technicians and related associate professionals,7,biotechnical technician|botanical technician|biology technician|scientific laboratory technician|biochemistry technician|bacteriology technician|zoology technician,,,,
esco_1_2_1,15210,Locomotive engine drivers,15209,Locomotive engine drivers and related workers,1,train driver,,,,
esco_1_2_1,15211,"Railway brake, signal and switch operators",15209,Locomotive engine drivers and related workers,5,rail switchperson|train preparer|shunter|train dispatcher|level crossing signalperson,,,,
esco_1_2_1,15117,Agricultural and industrial machinery mechanics and repairers,15114,Machinery mechanics and repairers,17,land-based machinery technician|fluid power technician|greaser|rotating equipment mechanic|industrial machinery mechanic|textile machinery technician|pneumatic systems technician|forge equipment technician,,,,
esco_1_2_1,15116,Aircraft engine mechanics and repairers,15114,Machinery mechanics and repairers,5,aircraft engine specialist|aircraft gas turbine engine overhaul technician|aircraft maintenance technician|aircraft de-icer installer|aircraft maintenance coordinator,,,,
esco_1_2_1,15118,Bicycle and related repairers,15114,Machinery mechanics and repairers,1,bicycle mechanic,,,,
esco_1_2_1,15115,Motor vehicle mechanics and repairers,15114,Machinery mechanics and repairers,10,refurbishing technician|vehicle restoration technician|diesel engine mechanic|vehicle maintenance supervisor|vehicle maintenance attendant|vehicle technician|coachbuilder|tyre fitter,,,,
esco_1_2_1,14675,Managing directors and chief executives,14674,Managing directors and chief executives,6,public employment service manager|airport chief executive|chief executive officer|social entrepreneur|animal facility manager|chief operating officer,,,,
esco_1_2_1,15249,Hand packers,15248,Manufacturing labourers,2,clothing finisher|hand packer,,,,
esco_1_2_1,15250,Manufacturing labourers not elsewhere classified,15248,Manufacturing labourers,2,factory hand|wood caulker,,,,
esco_1_2_1,14693,Construction managers,14690,"Manufacturing, mining, construction, and distribution managers",3,property developer|construction general contractor|construction manager,,,,
esco_1_2_1,14691,Manufacturing managers,14690,"Manufacturing, mining, construction, and distribution managers",21,footwear quality manager|metal production manager|chemical production manager|leather goods quality manager|leather wet processing department manager|leather production manager|clothing operations manager|metallurgical manager,,,,
esco_1_2_1,14692,Mining managers,14690,"Manufacturing, mining, construction, and distribution managers",4,oil and gas production manager|mine manager|quarry manager|mine production manager,,,,
esco_1_2_1,14694,"Supply, distribution and related managers",14690,"Manufacturing, mining, construction, and distribution managers",90,"import export manager in meat and meat products|electronic and telecommunications equipment and parts distribution manager|import export manager in agricultural machinery and equipment|air traffic manager|import export manager in machinery, industrial equipment, ships and aircraft|textile industry machinery distribution manager|import export manager in hardware, plumbing and heating equipment and supplies|import export manager in flowers and plants",,,,
esco_1_2_1,15053,Field crop and vegetable growers,15052,Market gardeners and crop growers,1,agronomic crop production team leader,,,,
esco_1_2_1,15055,"Gardeners, horticultural and nursery growers",15052,Market gardeners and crop growers,6,horticulture production team leader|interior landscaper|groundsman/groundswoman|horticulture production manager|landscape gardener|tree surgeon,,,,
esco_1_2_1,15056,Mixed crop growers,15052,Market gardeners and crop growers,1,crop production manager,,,,
esco_1_2_1,15054,Tree and shrub crop growers,15052,Market gardeners and crop growers,7,vineyard machinery operator|vineyard supervisor|fruit production team leader|vineyard manager|hop farmer|arboriculturist|vineyard cellar master,,,,
esco_1_2_1,14981,Production clerks,14979,Material-recording and transport clerks,1,machinery assembly coordinator,,,,
esco_1_2_1,14980,Stock clerks,14979,Material-recording and transport clerks,6,warehouse operators for clothing|footwear factory warehouse operator|raw materials warehouse specialist|leather goods warehouse operator|inventory coordinator|raw material reception operator,,,,
esco_1_2_1,14982,Transport clerks,14979,Material-recording and transport clerks,21,vessel operations coordinator|ship planner|rail logistics coordinator|bridge operator|freight transport dispatcher|gas transmission system operator|pipeline route manager|taxi controller,,,,
esco_1_2_1,14722,"Mathematicians, actuaries and statisticians",14721,"Mathematicians, actuaries and statisticians",7,actuarial consultant|gambling games developer|gambling quality assurance engineer|mathematician|statistician|biometrician|demographer,,,,
esco_1_2_1,14878,Medical and dental prosthetic technicians,14874,Medical and pharmaceutical technicians,2,audiology technician|prosthetist-orthotist,,,,
esco_1_2_1,14876,Medical and pathology laboratory technicians,14874,Medical and pharmaceutical technicians,1,medical laboratory assistant,,,,
esco_1_2_1,14875,Medical imaging and therapeutic equipment technicians,14874,Medical and pharmaceutical technicians,2,clinical perfusion scientist|radiation therapist,,,,
esco_1_2_1,14877,Pharmaceutical technicians and assistants,14874,Medical and pharmaceutical technicians,2,clinical trial assistant|pharmacy assistant,,,,
esco_1_2_1,14748,Generalist medical practitioners,14747,Medical doctors,1,general practitioner,,,,
esco_1_2_1,14749,Specialist medical practitioners,14747,Medical doctors,1,specialised doctor,,,,
esco_1_2_1,15176,"Metal finishing, plating and coating machine operators",15174,Metal processing and finishing plant operators,12,coating machine operator|enameller|tumbling machine operator|abrasive blasting operator|surface grinding machine operator|cylindrical grinder operator|filing machine operator|deburring machine operator,,,,
esco_1_2_1,15175,Metal processing plant operators,15174,Metal processing and finishing plant operators,7,metal drawing machine operator|casting machine operator|metal annealer|metal rolling mill operator|wire weaving machine operator|extrusion machine operator|spring maker,,,,
esco_1_2_1,15247,Building construction labourers,15244,Mining and construction labourers,1,building construction worker,,,,
esco_1_2_1,15246,Civil engineering labourers,15244,Mining and construction labourers,7,waterway construction labourer|civil engineering worker|road sign installer|road marker|rail layer|road maintenance worker|drainage worker,,,,
esco_1_2_1,15245,Mining and quarrying labourers,15244,Mining and construction labourers,1,mining assistant,,,,
esco_1_2_1,15173,"Cement, stone and other mineral products machine operators",15169,Mining and mineral processing plant operators,8,slate mixer|asphalt plant operator|concrete products machine operator|precast moulder|electrolytic cell maker|block machine operator|stone splitter|stone polisher,,,,
esco_1_2_1,15171,Mineral and stone processing plant operators,15169,Mining and mineral processing plant operators,4,stone planer|stone driller|mineral processing operator|mineral crushing operator,,,,
esco_1_2_1,15170,Miners and quarriers,15169,Mining and mineral processing plant operators,5,driller|underground heavy equipment operator|dewatering technician|surface miner|underground miner,,,,
esco_1_2_1,15172,Well drillers and borers and related workers,15169,Mining and mineral processing plant operators,9,pipeline pump operator|derrickhand|well-digger|tool pusher|drill operator|tunnel boring machine operator|roustabout|roughneck,,,,
esco_1_2_1,14855,Construction supervisors,14852,"Mining, manufacturing and construction supervisors",28,insulation supervisor|bricklaying supervisor|bridge construction supervisor|plumbing supervisor|construction general supervisor|tiling supervisor|paperhanger supervisor|power lines supervisor,,,,
esco_1_2_1,14854,Manufacturing supervisors,14852,"Mining, manufacturing and construction supervisors",29,container equipment assembly supervisor|leather goods production supervisor|waste management supervisor|precision mechanics supervisor|vessel assembly supervisor|machine operator supervisor|machinery assembly supervisor|production supervisor,,,,
esco_1_2_1,14853,Mining supervisors,14852,"Mining, manufacturing and construction supervisors",2,mine shift manager|mine supervisor,,,,
esco_1_2_1,15063,Mixed crop and animal producers,15062,Mixed crop and animal producers,2,mixed farmer|farm manager,,,,
esco_1_2_1,15221,"Crane, hoist and related plant operators",15218,Mobile plant operators,5,tower crane operator|production plant crane operator|mobile crane operator|automated cable vehicle controller|container crane operator,,,,
esco_1_2_1,15220,Earthmoving and related plant operators,15218,Mobile plant operators,10,snow-clearing worker|grader operator|road roller operator|dredge operator|road construction worker|pile driving hammer operator|surface mine plant operator|bulldozer operator,,,,
esco_1_2_1,15222,Lifting truck operators,15218,Mobile plant operators,1,forklift operator,,,,
esco_1_2_1,15219,Mobile farm and forestry plant operators,15218,Mobile plant operators,3,land-based machinery supervisor|land-based machinery operator|forestry equipment operator,,,,
esco_1_2_1,14663,Non-commissioned armed forces officers,14662,Non-commissioned armed forces officers,4,special forces officer|army corporal|warfare specialist|sergeant,,,,
esco_1_2_1,14976,Accounting and bookkeeping clerks,14975,Numerical clerks,2,sales support assistant|billing clerk,,,,
esco_1_2_1,14978,Payroll clerks,14975,Numerical clerks,1,payroll clerk,,,,
esco_1_2_1,14977,"Statistical, finance and insurance clerks",14975,Numerical clerks,8,auditing clerk|financial markets back office administrator|tax clerk|insurance clerk|back office specialist|foreign exchange cashier|property assistant|investment clerk,,,,
esco_1_2_1,14881,Midwifery associate professionals,14879,Nursing and midwifery associate professionals,1,maternity support worker,,,,
esco_1_2_1,14752,Midwifery professionals,14750,Nursing and midwifery professionals,1,midwife,,,,
esco_1_2_1,14751,Nursing professionals,14750,Nursing and midwifery professionals,3,specialist nurse|advanced nurse practitioner|nurse responsible for general care,,,,
esco_1_2_1,14991,Clerical support workers not elsewhere classified,14984,Other clerical support workers,2,advertising assistant|foreign language correspondence clerk,,,,
esco_1_2_1,14987,"Coding, proof-reading and related clerks",14984,Other clerical support workers,1,proofreader,,,,
esco_1_2_1,14989,Filing and copying clerks,14984,Other clerical support workers,1,file clerk,,,,
esco_1_2_1,14985,Library clerks,14984,Other clerical support workers,1,library assistant,,,,
esco_1_2_1,14986,Mail carriers and sorting clerks,14984,Other clerical support workers,2,mail clerk|postman/postwoman,,,,
esco_1_2_1,14990,Personnel clerks,14984,Other clerical support workers,1,human resources assistant,,,,
esco_1_2_1,15165,Fumigators and other pest and weed controllers,15161,Other craft and related workers,2,pest management worker|pesticides sprayer,,,,
esco_1_2_1,15164,Product graders and testers (excluding foods and beverages),15161,Other craft and related workers,28,precision device inspector|electrical equipment inspector|electronic equipment inspector|printed circuit board test technician|automotive test driver|footwear quality controller|engineered wood board grader|pulp grader,,,,
esco_1_2_1,15163,Shotfirers and blasters,15161,Other craft and related workers,1,shotfirer,,,,
esco_1_2_1,15162,Underwater divers,15161,Other craft and related workers,3,harvest diver|construction commercial diver|rescue diver,,,,
esco_1_2_1,15275,Elementary workers not elsewhere classified,15270,Other elementary workers,7,locker room attendant|cloak room attendant|attraction operator|usher|advertising installer|laundromat attendant|amusement and recreation attendant,,,,
esco_1_2_1,15271,"Messengers, package deliverers and luggage porters",15270,Other elementary workers,2,hotel porter|doorman/doorwoman,,,,
esco_1_2_1,15273,Meter readers and vending-machine collectors,15270,Other elementary workers,2,meter reader|vending machine operator,,,,
esco_1_2_1,15272,Odd job persons,15270,Other elementary workers,1,handyperson,,,,
esco_1_2_1,14894,Ambulance workers,14886,Other health associate professionals,2,paramedic in emergency responses|emergency ambulance driver,,,,
esco_1_2_1,14889,Community health workers,14886,Other health associate professionals,2,first aid instructor|community health worker,,,,
esco_1_2_1,14887,Dental assistants and therapists,14886,Other health associate professionals,1,dental chairside assistant,,,,
esco_1_2_1,14890,Dispensing opticians,14886,Other health associate professionals,2,optical technician|optician,,,,
esco_1_2_1,14893,Environmental and occupational health inspectors and associates,14886,Other health associate professionals,10,transport health and safety inspector|health and safety inspector|healthcare inspector|occupational health and safety inspector|food safety inspector|environmental health inspector|industrial waste inspector|hazardous materials inspector,,,,
esco_1_2_1,14895,Health associate professionals not elsewhere classified,14886,Other health associate professionals,7,anaesthetic technician|chiropractic assistant|dietetic technician|respiratory therapy technician|temperature screener|covid tester|assistant clinical psychologist,,,,
esco_1_2_1,14892,Medical assistants,14886,Other health associate professionals,1,doctors' surgery assistant,,,,
esco_1_2_1,14888,Medical records and health information technicians,14886,Other health associate professionals,5,medical records clerk|picture archiving and communication systems administrator|clinical coder|waiting list coordinator|medical records manager,,,,
esco_1_2_1,14891,Physiotherapy technicians and assistants,14886,Other health associate professionals,4,massage therapist|shiatsu practitioner|sophrologist|physiotherapy assistant,,,,
esco_1_2_1,14765,Audiologists and speech therapists,14759,Other health professionals,2,speech and language therapist|audiologist,,,,
esco_1_2_1,14760,Dentists,14759,Other health professionals,4,dental technician|specialist dentist|dental hygienist|dental practitioner,,,,
esco_1_2_1,14764,Dieticians and nutritionists,14759,Other health professionals,2,dietitian|prepared meals nutritionist,,,,
esco_1_2_1,14762,Environmental and occupational health and hygiene professionals,14759,Other health professionals,5,food safety specialist|ergonomist|emergency response coordinator|health and safety officer|radiation protection officer,,,,
esco_1_2_1,14767,Health professionals not elsewhere classified,14759,Other health professionals,23,medical physics expert|kinesiologist|biomedical scientist|occupational therapist|music therapist|chiropractor|anatomical pathology technician|podiatry assistant,,,,
esco_1_2_1,14766,Optometrists and ophthalmic opticians,14759,Other health professionals,2,orthoptist|optometrist,,,,
esco_1_2_1,14761,Pharmacists,14759,Other health professionals,6,pharmaceutical quality specialist|industrial pharmacist|hospital pharmacist|pharmacy technician|pharmacist|specialist pharmacist,,,,
esco_1_2_1,14763,Physiotherapists,14759,Other health professionals,2,physiotherapist|advanced physiotherapist,,,,
esco_1_2_1,15011,"Astrologers, fortune-tellers and related workers",15010,Other personal services workers,4,medium|astrologer|fortune teller|psychic,,,,
esco_1_2_1,15012,Companions and valets,15010,Other personal services workers,1,companion,,,,
esco_1_2_1,15015,Driving instructors,15010,Other personal services workers,6,motorcycle instructor|vessel steering instructor|bus driving instructor|car driving instructor|driving instructor|truck driving instructor,,,,
esco_1_2_1,15016,Personal services workers not elsewhere classified,15010,Other personal services workers,3,club host/club hostess|escort|dating service consultant,,,,
esco_1_2_1,15014,Pet groomers and animal care workers,15010,Other personal services workers,15,animal care attendant|kennel worker|animal handler|dog trainer|dog breeder|horse trainer|animal groomer|zoo section leader,,,,
esco_1_2_1,15013,Undertakers and embalmers,15010,Other personal services workers,4,funeral services director|cemetery attendant|funeral attendant|embalmer,,,,
esco_1_2_1,15031,Contact centre salespersons,15027,Other sales workers,1,call centre agent,,,,
esco_1_2_1,15030,Door to door salespersons,15027,Other sales workers,1,door to door seller,,,,
esco_1_2_1,15028,Fashion and other models,15027,Other sales workers,2,fashion model|art model,,,,
esco_1_2_1,15033,Food service counter attendants,15027,Other sales workers,2,quick service restaurant team leader|food service worker,,,,
esco_1_2_1,15029,Sales demonstrators,15027,Other sales workers,1,promotions demonstrator,,,,
esco_1_2_1,15034,Sales workers not elsewhere classified,15027,Other sales workers,14,"rental service representative in other machinery, equipment and tangible goods|rental service representative in personal and household goods|rental service representative|vehicle rental agent|rental service representative in water transport equipment|rental service representative in office machinery and equipment|rental service representative in air transport equipment|rental service representative in construction and civil engineering machinery",,,,
esco_1_2_1,15032,Service station attendants,15027,Other sales workers,1,fuel station specialised seller,,,,
esco_1_2_1,14713,Services managers not elsewhere classified,14711,Other services managers,8,tour operator manager|laundry and dry cleaning manager|garage manager|camping ground manager|travel agency manager|call centre manager|tourist information centre manager|contact centre manager,,,,
esco_1_2_1,14712,"Sports, recreation and cultural centre managers",14711,Other services managers,11,performance production manager|spa manager|gambling manager|zoo curator|beauty salon manager|lottery manager|cultural facilities manager|recreational facilities manager,,,,
esco_1_2_1,15199,Glass and ceramics plant operators,15198,Other stationary plant and machine operators,12,tunnel kiln operator|auger press operator|glass polisher|drawing kiln operator|kiln firer|clay kiln burner|clay products dry kiln operator|glass annealer,,,,
esco_1_2_1,15201,"Packing, bottling and labelling machine operators",15198,Other stationary plant and machine operators,7,cigar brander|heat sealing machine operator|cylinder filler|canning and bottling line operator|packaging and filling machine operator|leather goods packing operator|footwear finishing and packing operator,,,,
esco_1_2_1,15202,Stationary plant and machine operators not elsewhere classified,15198,Other stationary plant and machine operators,2,edge bander operator|slitter operator,,,,
esco_1_2_1,15200,Steam engine and boiler operators,15198,Other stationary plant and machine operators,2,boiler operator|steam plant operator,,,,
esco_1_2_1,14779,Education methods specialists,14778,Other teaching professionals,4,educational researcher|special educational needs coordinator|education inspector|curriculum administrator,,,,
esco_1_2_1,14784,Information technology trainers,14778,Other teaching professionals,2,digital literacy teacher|ICT trainer,,,,
esco_1_2_1,14783,Other arts teachers,14778,Other teaching professionals,6,dance teacher|photography teacher|visual arts teacher|circus arts teacher|arts education officer|drama teacher,,,,
esco_1_2_1,14781,Other language teachers,14778,Other teaching professionals,2,sign language teacher|language school teacher,,,,
esco_1_2_1,14782,Other music teachers,14778,Other teaching professionals,1,music teacher,,,,
esco_1_2_1,14780,Special needs teachers,14778,Other teaching professionals,8,adult literacy teacher|special educational needs teacher secondary school|teacher of talented and gifted students|learning support teacher|special educational needs itinerant teacher|special educational needs teacher|early years special educational needs teacher|special educational needs teacher primary school,,,,
esco_1_2_1,14785,Teaching professionals not elsewhere classified,14778,Other teaching professionals,14,assessor of prior learning|public speaking coach|educational counsellor|academic support officer|learning mentor|assistive technologist|tutor|prison instructor,,,,
esco_1_2_1,15101,Building structure cleaners,15098,"Painters, building structure cleaners and related trades workers",5,chimney sweep supervisor|asbestos abatement worker|chimney sweep|building exterior cleaner|decontamination worker,,,,
esco_1_2_1,15099,Painters and related workers,15098,"Painters, building structure cleaners and related trades workers",3,construction painter|paperhanger|marine painter,,,,
esco_1_2_1,15100,Spray painters and varnishers,15098,"Painters, building structure cleaners and related trades workers",3,lacquer spray gun operator|transport equipment painter|surface treatment operator,,,,
esco_1_2_1,15040,Health care assistants,15039,Personal care workers in health services,2,nurse assistant|healthcare assistant,,,,
esco_1_2_1,15041,Home-based personal care workers,15039,Personal care workers in health services,1,home care aide,,,,
esco_1_2_1,15042,Personal care workers in health services not elsewhere classified,15039,Personal care workers in health services,3,phlebotomist|sterile services technician|hospital porter,,,,
esco_1_2_1,14719,Chemists,14716,Physical and earth science professionals,8,chemist|cosmetic chemist|chemical application specialist|textile chemist|analytical chemist|sensory scientist|chemical tester|fragrance chemist,,,,
esco_1_2_1,14720,Geologists and geophysicists,14716,Physical and earth science professionals,13,mine geologist|oceanographer|hydrologist|hydrogeologist|palaeontologist|mineralogist|environmental geologist|geophysicist,,,,
esco_1_2_1,14718,Meteorologists,14716,Physical and earth science professionals,5,weather forecaster|meteorologist|aviation meteorologist|climatologist|metrologist,,,,
esco_1_2_1,14717,Physicists and astronomers,14716,Physical and earth science professionals,3,astronomer|physicist|cosmologist,,,,
esco_1_2_1,14843,Chemical and physical science technicians,14842,Physical and engineering science technicians,14,meteorology technician|radiation protection technician|food analyst|leather laboratory technician|hydrographic surveying technician|nuclear technician|soil surveying technician|chemistry technician,,,,
esco_1_2_1,14848,Chemical engineering technicians,14842,Physical and engineering science technicians,5,asphalt laboratory technician|chemical engineering technician|colour sampling technician|hazardous waste technician|chemical manufacturing quality technician,,,,
esco_1_2_1,14844,Civil engineering technicians,14842,Physical and engineering science technicians,24,domestic energy assessor|civil engineering technician|water systems engineering technician|energy conservation officer|construction quality manager|construction safety manager|sewerage maintenance technician|corrosion technician,,,,
esco_1_2_1,14850,Draughtspersons,14842,Physical and engineering science technicians,17,aerospace engineering drafter|electromechanical drafter|electrical drafter|marine engineering drafter|civil drafter|automotive engineering drafter|architectural drafter|mechanical engineering drafter,,,,
esco_1_2_1,14845,Electrical engineering technicians,14842,Physical and engineering science technicians,6,battery manufacturing technician|battery maintenance technician|electromechanical engineering technician|hydropower technician|electrical engineering technician|calibration technician,,,,
esco_1_2_1,14846,Electronics engineering technicians,14842,Physical and engineering science technicians,11,microelectronics engineering technician|microelectronics maintenance technician|microsystem engineering technician|electronics engineering technician|instrumentation engineering technician|medical device engineering technician|computer hardware engineering technician|sensor engineering technician,,,,
esco_1_2_1,14847,Mechanical engineering technicians,14842,Physical and engineering science technicians,25,"marine engineering technician|aerospace engineering technician|rolling stock engineering technician|production engineering technician|pneumatic engineering technician|marine surveyor|heating, ventilation, air conditioning and refrigeration engineering technician|rolling stock inspector",,,,
esco_1_2_1,14849,Mining and metallurgical technicians,14842,Physical and engineering science technicians,5,metallurgical technician|mine surveying technician|geotechnician|mine safety officer|desalination technician,,,,
esco_1_2_1,14851,Physical and engineering science technicians not elsewhere classified,14842,Physical and engineering science technicians,26,textile quality technician|commissioning technician|footwear product developer|textile chemical quality technician|offshore renewable energy technician|photonics engineering technician|utilities inspector|tanning technician,,,,
esco_1_2_1,14777,Early childhood educators,14775,Primary school and early childhood teachers,3,early years teacher|Montessori school teacher|Freinet school teacher,,,,
esco_1_2_1,14776,Primary school teachers,14775,Primary school and early childhood teachers,2,primary school teacher|Steiner school teacher,,,,
esco_1_2_1,15131,Pre-press technicians,15130,Printing trades workers,7,imagesetter|prepress technician|lithographer|typesetter|scanning operator|prepress operator|screen making technician,,,,
esco_1_2_1,15133,Print finishing and binding workers,15130,Printing trades workers,4,book restorer|bindery operator|book-sewing machine operator|print folding operator,,,,
esco_1_2_1,15132,Printers,15130,Printing trades workers,10,flexographic press operator|printing textile technician|paper embossing press operator|textile printer|digital printer|reprographics technician|gravure press operator|screen printer,,,,
esco_1_2_1,14859,Chemical processing plant controllers,14856,Process control technicians,6,air separation plant operator|biogas technician|chemical processing plant controller|chemical plant control room operator|gas processing plant supervisor|gas station operator,,,,
esco_1_2_1,14858,Incinerator and water treatment plant operators,14856,Process control technicians,7,water treatment systems operator|liquid waste treatment plant operator|incinerator operator|water plant technician|wastewater treatment operator|wastewater treatment technician|solid waste operator,,,,
esco_1_2_1,14861,Metal production process controllers,14856,Process control technicians,1,metal furnace operator,,,,
esco_1_2_1,14860,Petroleum and natural gas refining plant operators,14856,Process control technicians,5,petroleum pump system operator|oil refinery control room operator|gas processing plant control room operator|refinery shift manager|gas processing plant operator,,,,
esco_1_2_1,14857,Power production plant operators,14856,Process control technicians,12,hydroelectric plant operator|fossil-fuel power plant operator|offshore renewable energy plant operator|solar power plant operator|power production plant operator|electrical power distributor|electrical transmission system operator|onshore wind farm technician,,,,
esco_1_2_1,14862,Process control technicians not elsewhere classified,14856,Process control technicians,4,industrial robot controller|automated assembly line operator|pulp control operator|clothing process control technician,,,,
esco_1_2_1,14688,Agricultural and forestry production managers,14687,"Production managers in agriculture, forestry and fisheries",1,forester,,,,
esco_1_2_1,14689,Aquaculture and fisheries production managers,14687,"Production managers in agriculture, forestry and fisheries",3,aquaculture harvesting manager|aquaculture production manager|aquaculture husbandry manager,,,,
esco_1_2_1,14700,Aged care services managers,14697,Professional services managers,1,elderly home manager,,,,
esco_1_2_1,14698,Child care services managers,14697,Professional services managers,3,child care coordinator|nursery school head teacher|child day care centre manager,,,,
esco_1_2_1,14702,Education managers,14697,Professional services managers,11,head of higher education institutions|special educational needs head teacher|deputy head teacher|further education principal|university department head|secondary school head teacher|primary school head teacher|education programme coordinator,,,,
esco_1_2_1,14703,Financial and insurance services branch managers,14697,Professional services managers,6,credit union manager|insurance agency manager|bank manager|insurance claims manager|pension scheme manager|brokerage firm director,,,,
esco_1_2_1,14699,Health services managers,14697,Professional services managers,2,healthcare institution manager|clinical informatics manager,,,,
esco_1_2_1,14704,Professional services managers not elsewhere classified,14697,Professional services managers,24,sport administrator|library manager|commercial art gallery manager|aviation communications and frequency coordination manager|court administrator|airside safety manager|environmental protection manager|rescue centre manager,,,,
esco_1_2_1,14701,Social welfare managers,14697,Professional services managers,4,public housing manager|youth programme director|social services manager|youth centre manager,,,,
esco_1_2_1,15045,Fire-fighters,15044,Protective services workers,5,industrial firefighter|pump operator|firefighter|marine firefighter|mine rescue officer,,,,
esco_1_2_1,15046,Police officers,15044,Protective services workers,1,police officer,,,,
esco_1_2_1,15047,Prison guards,15044,Protective services workers,2,prison officer|juvenile correctional officer,,,,
esco_1_2_1,15049,Protective services workers not elsewhere classified,15044,Protective services workers,10,crossing guard|animal welfare inspector|life guard|street warden|aircraft marshaller|crowd controller|game keeper|civil enforcement officer,,,,
esco_1_2_1,15048,Security guards,15044,Protective services workers,10,security guard|security guard supervisor|door supervisor|gate guard|security alarm investigator|airport security officer|security consultant|hospitality establishment security officer,,,,
esco_1_2_1,15267,Garbage and recycling collectors,15266,Refuse workers,1,refuse collector,,,,
esco_1_2_1,15268,Refuse sorters,15266,Refuse workers,2,recycling worker|sorter labourer,,,,
esco_1_2_1,15269,Sweepers and related labourers,15266,Refuse workers,1,street sweeper,,,,
esco_1_2_1,14920,Customs and border inspectors,14919,Regulatory government associate professionals,3,customs officer|immigration officer|hand luggage inspector,,,,
esco_1_2_1,14923,Government licensing officials,14919,Regulatory government associate professionals,3,licensing officer|passport officer|immigration adviser,,,,
esco_1_2_1,14922,Government social benefits officials,14919,Regulatory government associate professionals,3,social security inspector|social security officer|pensions administrator,,,,
esco_1_2_1,14921,Government tax and excise officials,14919,Regulatory government associate professionals,2,tax compliance officer|tax inspector,,,,
esco_1_2_1,14924,Police inspectors and detectives,14919,Regulatory government associate professionals,3,police detective|criminal investigator|police inspector,,,,
esco_1_2_1,14925,Regulatory government associate professionals not elsewhere classified,14919,Regulatory government associate professionals,8,marine cargo inspector|gaming inspector|freight inspector|forestry inspector|agricultural inspector|fisheries observer|consumer rights advisor|weights and measures inspector,,,,
esco_1_2_1,14710,Retail and wholesale trade managers,14709,Retail and wholesale trade managers,49,tobacco shop manager|shoe and leather accessories shop manager|audiology equipment shop manager|telecommunication equipment shop manager|domestic appliances shop manager|medical goods shop manager|bakery shop manager|toys and games shop manager,,,,
esco_1_2_1,15183,Paper products machine operators,15180,"Rubber, plastic and paper products machine operators",8,tissue paper perforating and rewinding operator|paper cutter operator|envelope maker|paper stationery machine operator|paper bag machine operator|absorbent pad machine operator|corrugator operator|paperboard products assembler,,,,
esco_1_2_1,15182,Plastic products machine operators,15180,"Rubber, plastic and paper products machine operators",15,fiberglass laminator|insulating tube winder|plastic heat treatment equipment operator|injection moulding operator|vacuum forming machine operator|fibreglass machine operator|plastic furniture machine operator|filament winding operator,,,,
esco_1_2_1,15181,Rubber products machine operators,15180,"Rubber, plastic and paper products machine operators",12,sectional belt mould assembler|tyre vulcaniser|tyre builder|rubber cutting machine tender|V-belt finisher|belt builder|V-belt builder|rubber products machine operator,,,,
esco_1_2_1,14906,Buyers,14903,Sales and purchasing agents and brokers,9,green coffee buyer|purchaser|set buyer|ICT buyer|timber trader|costume buyer|standalone public buyer|purchase planner,,,,
esco_1_2_1,14905,Commercial sales representatives,14903,Sales and purchasing agents and brokers,3,commercial sales representative|electricity sales representative|renewable energy sales representative,,,,
esco_1_2_1,14904,Insurance representatives,14903,Sales and purchasing agents and brokers,4,property insurance underwriter|insurance risk consultant|insurance broker|insurance underwriter,,,,
esco_1_2_1,14907,Trade brokers,14903,Sales and purchasing agents and brokers,41,"wholesale merchant in perfume and cosmetics|wholesale merchant in household goods|commodity broker|wholesale merchant in electronic and telecommunications equipment and parts|wholesale merchant in fish crustaceans and molluscs|wholesale merchant in computer peripheral equipment and software|wholesale merchant|wholesale merchant in hides, skins and leather products",,,,
esco_1_2_1,14684,Advertising and public relations managers,14682,"Sales, marketing and development managers",3,advertising manager|public relations manager|communication manager,,,,
esco_1_2_1,14685,Research and development managers,14682,"Sales, marketing and development managers",12,clothing development manager|product development manager|games development manager|insurance product manager|research and development manager|chief product officer|ICT research manager|innovation officer,,,,
esco_1_2_1,14683,Sales and marketing managers,14682,"Sales, marketing and development managers",16,auction house manager|chief marketing officer|motor vehicle aftersales manager|online sales channel manager|commercial director|destination manager|bid manager|tourism product manager,,,,
esco_1_2_1,14797,Advertising and marketing professionals,14796,"Sales, marketing and public relations professionals",21,hospitality revenue manager|employer branding manager|promotion assistant|online marketer|network marketer|marketing consultant|advertising media buyer|marketing assistant,,,,
esco_1_2_1,14800,Information and communications technology sales professionals,14796,"Sales, marketing and public relations professionals",4,ICT presales engineer|ICT business development manager|technical sales representative in electronic and telecommunications equipment|ICT account manager,,,,
esco_1_2_1,14798,Public relations professionals,14796,"Sales, marketing and public relations professionals",11,campaign canvasser|online community manager|political campaign officer|election agent|intercultural communication consultant|activism officer|public affairs consultant|spokesperson,,,,
esco_1_2_1,14799,Technical and medical sales professionals (excluding ICT),14796,"Sales, marketing and public relations professionals",13,"renewable energy consultant|technical sales representative in agricultural machinery and equipment|technical sales representative in hardware, plumbing and heating equipment|technical sales representative in mining and construction machinery|sales engineer|after-sales service technician|medical sales representative|technical sales representative in machinery and industrial equipment",,,,
esco_1_2_1,14774,Secondary education teachers,14773,Secondary education teachers,19,ICT teacher secondary school|science teacher secondary school|history teacher secondary school|classical languages teacher secondary school|religious education teacher at secondary school|physics teacher secondary school|music teacher secondary school|secondary school teacher,,,,
esco_1_2_1,14955,Secretaries (general),14954,Secretaries (general),1,secretary,,,,
esco_1_2_1,15104,Metal moulders and coremakers,15103,"Sheet and structural metal workers, moulders and welders, and related workers",4,coquille casting worker|mouldmaker|foundry moulder|foundry operative,,,,
esco_1_2_1,15108,Riggers and cable splicers,15103,"Sheet and structural metal workers, moulders and welders, and related workers",7,high rigger|boat rigger|event scaffolder|rigging supervisor|rigger|ground rigger|stagehand,,,,
esco_1_2_1,15106,Sheet-metal workers,15103,"Sheet and structural metal workers, moulders and welders, and related workers",4,container equipment assembler|coppersmith|sheet metal worker|boilermaker,,,,
esco_1_2_1,15107,Structural-metal preparers and erectors,15103,"Sheet and structural metal workers, moulders and welders, and related workers",4,riveter|structural ironworker|shipwright|dismantling worker,,,,
esco_1_2_1,15105,Welders and flamecutters,15103,"Sheet and structural metal workers, moulders and welders, and related workers",8,solderer|pipe welder|brazier|welder|spot welder|laser beam welder|welding coordinator|electron beam welder,,,,
esco_1_2_1,14871,Air traffic controllers,14867,Ship and aircraft controllers and technicians,6,air traffic controller|aeronautical information service officer|airport operations officer|aviation inspector|flight operations officer|aeronautical information specialist,,,,
esco_1_2_1,14872,Air traffic safety electronics technicians,14867,Ship and aircraft controllers and technicians,1,air traffic safety technician,,,,
esco_1_2_1,14870,Aircraft pilots and related associate professionals,14867,Ship and aircraft controllers and technicians,11,drone pilot|helicopter pilot|airline transport pilot|commercial pilot|co-pilot|aircraft maintenance engineer|private pilot|aircraft pilot,,,,
esco_1_2_1,14869,Ships' deck officers and pilots,14867,Ship and aircraft controllers and technicians,6,officer of the watch|maritime pilot|helmsman|deck officer|skipper|ship captain,,,,
esco_1_2_1,14868,Ships’ engineers,14867,Ship and aircraft controllers and technicians,4,fisheries engineering technician|ship duty engineer|ship assistant engineer|marine chief engineer,,,,
esco_1_2_1,15224,Ships’ deck crews and related workers,15223,Ships’ deck crews and related workers,7,fisheries deckhand|boatswain|ordinary seaman|sailor|engine minder|matrose|decksman,,,,
esco_1_2_1,15022,Shop keepers,15021,Shop salespersons,1,retail entrepreneur,,,,
esco_1_2_1,15024,Shop sales assistants,15021,Shop salespersons,44,hardware and paint specialised seller|fish and seafood specialised seller|motor vehicles parts advisor|shop assistant|ammunition specialised seller|sporting accessories specialised seller|bookshop specialised seller|clothing specialised seller,,,,
esco_1_2_1,15023,Shop supervisors,15021,Shop salespersons,2,shop supervisor|checkout supervisor,,,,
esco_1_2_1,14822,Economists,14821,Social and religious professionals,6,business economics researcher|economic policy officer|economic adviser|economist|economic development coordinator|tax policy analyst,,,,
esco_1_2_1,14824,"Philosophers, historians and political scientists",14821,Social and religious professionals,4,historian|political scientist|genealogist|philosopher,,,,
esco_1_2_1,14825,Psychologists,14821,Social and religious professionals,6,educational psychologist|psychologist|polygraph examiner|health psychologist|psychotherapist|clinical psychologist,,,,
esco_1_2_1,14827,Religious professionals,14821,Social and religious professionals,4,missionary|religion scientific researcher|chaplain|minister of religion,,,,
esco_1_2_1,14826,Social work and counselling professionals,14821,Social and religious professionals,36,youth information worker|child care social worker|consultant social worker|education welfare officer|gerontology social worker|social worker|youth offending team worker|benefits advice worker,,,,
esco_1_2_1,14823,"Sociologists, anthropologists and related professionals",14821,Social and religious professionals,10,criminologist|sociologist|media scientist|archaeologist|social work researcher|behavioural scientist|communication scientist|thanatology researcher,,,,
esco_1_2_1,14806,Applications programmers,14802,Software and applications developers and analysts,7,mobile application developer|ICT application configurator|embedded systems software developer|numerical tool and process control programmer|industrial mobile devices software developer|ICT application developer|cloud identity manager,,,,
esco_1_2_1,14807,Software and applications developers and analysts not elsewhere classified,14802,Software and applications developers and analysts,12,ICT test analyst|ICT disaster recovery analyst|software tester|digital games tester|ICT change and configuration manager|ICT accessibility tester|ICT system tester|ICT usability tester,,,,
esco_1_2_1,14804,Software developers,14802,Software and applications developers and analysts,10,software analyst|blockchain developer|cloud architect|cloud engineer|IoT developer|cloud software developer|user interface developer|cloud DevOps engineer,,,,
esco_1_2_1,14803,Systems analysts,14802,Software and applications developers and analysts,21,integration engineer|embedded system designer|computer vision engineer|data engineer|green ICT consultant|data scientist|enterprise architect|artificial intelligence engineer,,,,
esco_1_2_1,14805,Web and multimedia developers,14802,Software and applications developers and analysts,5,search engine optimisation expert|user interface designer|digital games developer|web content manager|web developer,,,,
esco_1_2_1,14932,Athletes and sports players,14931,Sports and fitness workers,1,professional athlete,,,,
esco_1_2_1,14934,Fitness and recreation instructors and program leaders,14931,Sports and fitness workers,14,horse riding instructor|activity leader|sport therapist|pilates teacher|assistant outdoor animator|survival instructor|outdoor activities instructor|outdoor animator,,,,
esco_1_2_1,14933,"Sports coaches, instructors and officials",14931,Sports and fitness workers,13,golf instructor|boxing instructor|sports instructor|ice-skating coach|sports official|football coach|sports coach|artistic coach,,,,
esco_1_2_1,15019,Stall and market salespersons,15018,Street and market salespersons,1,market vendor,,,,
esco_1_2_1,15020,Street food salespersons,15018,Street and market salespersons,1,street food vendor,,,,
esco_1_2_1,15262,Street and related service workers,15261,Street and related service workers,1,leaflet distributor,,,,
esco_1_2_1,15264,Street vendors (excluding food),15263,Street vendors (excluding food),1,hawker,,,,
esco_1_2_1,14948,Broadcasting and audiovisual technicians,14947,Telecommunications and broadcasting technicians,13,performance video operator|sound operator|sound mastering engineer|sound editor|performance rental technician|boom operator|camera operator|audio-visual technician,,,,
esco_1_2_1,14949,Telecommunications engineering technicians,14947,Telecommunications and broadcasting technicians,1,telecommunications engineering technician,,,,
esco_1_2_1,14961,Bank tellers and related clerks,14960,"Tellers, money collectors and related clerks",2,bank teller|post office counter clerk,,,,
esco_1_2_1,14962,"Bookmakers, croupiers and related gaming workers",14960,"Tellers, money collectors and related clerks",9,bookmaker|bingo caller|odds compiler|casino cashier|casino pit boss|lottery operator|race track operator|casino gaming manager,,,,
esco_1_2_1,14964,Debt-collectors and related workers,14960,"Tellers, money collectors and related clerks",2,insurance collector|debt collector,,,,
esco_1_2_1,14963,Pawnbrokers and money-lenders,14960,"Tellers, money collectors and related clerks",1,pawnbroker,,,,
esco_1_2_1,15188,"Bleaching, dyeing and fabric cleaning machine operators",15184,"Textile, fur and leather products machine operators",4,finishing textile technician|textile dyeing technician|textile dyer|textile finishing machine operator,,,,
esco_1_2_1,15185,"Fibre preparing, spinning and winding machine operators",15184,"Textile, fur and leather products machine operators",7,spinning textile operator|twisting machine operator|man-made fiber spinner|yarn spinner|winding machine operator|spinning machine operator|cotton gin operator,,,,
esco_1_2_1,15189,Fur and leather preparing machine operators,15184,"Textile, fur and leather products machine operators",3,colour sampling operator|leather production machine operator|leather finishing operator,,,,
esco_1_2_1,15191,Laundry machine operators,15184,"Textile, fur and leather products machine operators",3,laundry worker|laundry ironer|laundry workers supervisor,,,,
esco_1_2_1,15187,Sewing machine operators,15184,"Textile, fur and leather products machine operators",6,protective clothing apparel manufacturer|leather goods stitching machine operator|sewing machine operator|clothing sample machinist|clothing alteration machinist|embroidery machine operator,,,,
esco_1_2_1,15190,Shoemaking and related machine operators,15184,"Textile, fur and leather products machine operators",11,cutting machine operator|lasting machine operator|footwear production machine operator|automated cutting machine operator|leather goods machine operator|sole and heel operator|pre-stitching machine operator|footwear stitching machine operator,,,,
esco_1_2_1,15192,"Textile, fur and leather products machine operators not elsewhere classified",15184,"Textile, fur and leather products machine operators",8,textile pattern making machine operator|braiding machine operator|braiding textile technician|leather measuring operator|canvas goods assembler|nonwoven staple machine operator|mattress making machine operator|nonwoven textile technician,,,,
esco_1_2_1,15186,Weaving and knitting machine operators,15184,"Textile, fur and leather products machine operators",8,knitting textile technician|textile machine operator|tufting operator|weaving machine supervisor|knitting machine operator|weaving machine operator|weaving textile technician|knitting machine supervisor,,,,
esco_1_2_1,14883,Traditional and complementary medicine associate professionals,14882,Traditional and complementary medicine associate professionals,1,herbal therapist,,,,
esco_1_2_1,14754,Traditional and complementary medicine professionals,14753,Traditional and complementary medicine professionals,5,acupuncturist|homeopath|aromatherapist|traditional chinese medicine therapist|complementary therapist,,,,
esco_1_2_1,15253,Drivers of animal-drawn vehicles and machinery,15251,Transport and storage labourers,1,carriage driver,,,,
esco_1_2_1,15254,Freight handlers,15251,Transport and storage labourers,9,airport baggage handler|materials handler|rail intermodal equipment operator|stevedore|warehouse worker|mover|warehouse order picker|stevedore superintendent,,,,
esco_1_2_1,15252,Hand and pedal vehicle drivers,15251,Transport and storage labourers,1,bicycle courier,,,,
esco_1_2_1,15255,Shelf fillers,15251,Transport and storage labourers,1,shelf filler,,,,
esco_1_2_1,14996,Transport conductors,14994,"Travel attendants, conductors and guides",4,passenger fare controller|railway passenger service agent|chief conductor|train conductor,,,,
esco_1_2_1,14995,Travel attendants and travel stewards,14994,"Travel attendants, conductors and guides",5,steward/stewardess|ship steward/ship stewardess|cabin crew manager|flight attendant|train attendant,,,,
esco_1_2_1,14997,Travel guides,14994,"Travel attendants, conductors and guides",4,environmental education officer|park guide|zoo educator|tourist guide,,,,
esco_1_2_1,14770,University and higher education teachers,14769,University and higher education teachers,45,performing arts theatre instructor|economics lecturer|medicine lecturer|university teaching assistant|sociology lecturer|nursing lecturer|business lecturer|earth science lecturer,,,,
esco_1_2_1,15231,Hand launderers and pressers,15230,"Vehicle, window, laundry and other hand cleaning workers",2,linen room attendant|wearing apparel presser,,,,
esco_1_2_1,15234,Other cleaning workers,15230,"Vehicle, window, laundry and other hand cleaning workers",4,sewerage cleaner|amusement park cleaner|swimming facility attendant|drapery and carpet cleaner,,,,
esco_1_2_1,15232,Vehicle cleaners,15230,"Vehicle, window, laundry and other hand cleaning workers",1,vehicle cleaner,,,,
esco_1_2_1,15233,Window cleaners,15230,"Vehicle, window, laundry and other hand cleaning workers",1,window cleaner,,,,
esco_1_2_1,14758,Veterinarians,14757,Veterinarians,11,specialised veterinarian|animal massage therapist|animal therapist|official veterinarian|veterinary scientist|animal physiotherapist|aquatic animal health professional|animal chiropractor,,,,
esco_1_2_1,14885,Veterinary technicians and assistants,14884,Veterinary technicians and assistants,6,animal artificial insemination technician|veterinary nurse|alternative animal therapist|animal embryo transfer technician|equine dental technician|veterinary technician,,,,
esco_1_2_1,14772,Vocational education teachers,14771,Vocational education teachers,25,maritime instructor|hospitality vocational teacher|food service vocational teacher|occupational driving instructor|business administration vocational teacher|air traffic instructor|electricity and energy vocational teacher|industrial arts vocational teacher,,,,
esco_1_2_1,15002,Bartenders,15000,Waiters and bartenders,3,bartender|barista|cocktail bartender,,,,
esco_1_2_1,15001,Waiters,15000,Waiters and bartenders,7,wine sommelier|sommelier|head waiter/head waitress|beer sommelier|restaurant host/restaurant hostess|head sommelier|waiter/waitress,,,,
esco_1_2_1,15196,Pulp and papermaking plant operators,15195,Wood processing and papermaking plant operators,8,paper pulp moulding operator|bleacher operator|paper machine operator|froth flotation deinking operator|wash deinking operator|laminating machine operator|pulp technician|digester operator,,,,
esco_1_2_1,15197,Wood processing plant operators,15195,Wood processing and papermaking plant operators,11,table saw operator|veneer slicer operator|planer thicknesser operator|debarker operator|wood fuel pelletiser|sawmill operator|chipper operator|band saw operator,,,,
esco_1_2_1,15152,Cabinet-makers and related workers,15150,"Wood treaters, cabinet-makers and related trades workers",6,cooper|antique furniture reproducer|furniture restorer|recreation model maker|cabinet maker|furniture finisher,,,,
esco_1_2_1,15151,Wood treaters,15150,"Wood treaters, cabinet-makers and related trades workers",2,wood drying kiln operator|wood treater,,,,
esco_1_2_1,15153,Woodworking-machine tool setters and operators,15150,"Wood treaters, cabinet-makers and related trades workers",6,wood sander|wooden furniture machine operator|wood boring machine operator|wood pallet maker|woodturner|nailing machine operator,,,,
