role_head,global_aliases,current_ro_aliases,current_hu_aliases,missing_locales,ro_aliases_to_add,hu_aliases_to_add,global_aliases_to_move_ro,global_aliases_to_move_hu,global_aliases_to_keep,translator_note,note
accountant,contabil; könnyvelő,,,ro;hu,contabil,könnyvelő; könyvelő,contabil,könnyvelő,contabil,,
actor,színész; näitleja,,,ro;hu,,színész,,színész,näitleja,ro: translation failed after 3 attempts: actor --> No translation was found using the current translator. Try another translator?; hu: translation failed after 3 attempts: actor --> No translation was found using the current translator. Try another translator?,
actress,actriță; színésznő; näitlejanna,,,ro;hu,actriță; actriţă,színésznő,actriță,színésznő,näitlejanna,,
acupuncturist,akupunktőr; akupunkturist; acupunctor,,,ro;hu,,akupunktőr,,akupunktőr,akupunkturist; acupunctor,ro: translation failed after 3 attempts: acupuncturist --> No translation was found using the current translator. Try another translator?; hu: translation failed after 3 attempts: acupuncturist --> No translation was found using the current translator. Try another translator?,
administrator,adminisztrátor; administraator; admin,,,ro;hu,,adminisztrátor,,adminisztrátor,administraator; admin,ro: translation failed after 3 attempts: administrator --> No translation was found using the current translator. Try another translator?; hu: translation failed after 3 attempts: administrator --> No translation was found using the current translator. Try another translator?,
adviser,advisor; consilier,,,ro;hu,consilier,tanácsadó,consilier,,advisor; consilier,,
agent,ügynök,,,ro;hu,,ügynök,,ügynök,,ro: translation failed after 3 attempts: agent --> No translation was found using the current translator. Try another translator?; hu: translation failed after 3 attempts: agent --> No translation was found using the current translator. Try another translator?,
analyst,analist; elemző; analüütik,,,ro;hu,analist,elemző; analüütik,analist,elemző; analüütik,analist,,
animator,animaator,,,ro;hu,,,,,animaator,ro: translation failed after 3 attempts: animator --> No translation was found using the current translator. Try another translator?; hu: translation failed after 3 attempts: animator --> No translation was found using the current translator. Try another translator?,
architect,arhitect; építész; arhitekt,,,ro;hu,arhitect,építész; építészmérnök,arhitect,építész,arhitect; arhitekt,,
artist,művész; kunstnik,,,ro;hu,,művész,,művész,kunstnik,ro: translation failed after 3 attempts: artist --> No translation was found using the current translator. Try another translator?,
assembler,montator; asamblor; összeszerelő; koostaja,,,ro;hu,asamblator,összeszerelő,,összeszerelő,montator; asamblor; koostaja,,
assistant,asistent; asszisztens; assistent,,,ro;hu,asistent,helyettes,asistent,,asistent; asszisztens; assistent,,
attendant,teenindaja,,,ro;hu,însoţitor,kísérő,,,teenindaja,,
auditor,könyvvizsgáló; audiitor,,,ro;hu,,könyvvizsgáló,,könyvvizsgáló,audiitor,ro: translation failed after 3 attempts: auditor --> No translation was found using the current translator. Try another translator?; hu: translation failed after 3 attempts: auditor --> No translation was found using the current translator. Try another translator?,
biologist,biolog; biológus; bioloog,,,ro;hu,biolog,biológus,biolog,biológus,biolog; bioloog,,
breeder,crescător; tenyésztő; aretaja,,,ro;hu,crescător,tenyésztő,crescător,tenyésztő,aretaja,,
broker,alkusz; maakler,,,ro;hu,,,,,alkusz; maakler,ro: translation failed after 3 attempts: broker --> No translation was found using the current translator. Try another translator?; hu: translation failed after 3 attempts: broker --> No translation was found using the current translator. Try another translator?,
builder,constructor; építő; ehitaja,,,ro;hu,constructor,építő; építész,constructor,építő,constructor; ehitaja,,
buyer,vevő,,,ro;hu,cumpărător,vevő,,vevő,,,
cashier,casier; kassiir,,,ro;hu,casier,pénztáros,casier,,casier; kassiir,,
chemist,vegyész; keemik,,,ro;hu,chimist,vegyész,,vegyész,keemik,,
chief,sef,,,ro;hu,şef,fő,,,sef,,
chiropractor,kiropraktik; csontkovács,,,ro;hu,chiropractician,csontkovács; hátgerincmasszázzsal gyógyító,,csontkovács,kiropraktik,,
clerk,gestionar; funcționar; hivatalnok; ametnik,,,ro;hu,funcționar; funcţionar,hivatalnok,funcționar,hivatalnok,gestionar; hivatalnok; ametnik,,
coach,,,,ro;hu,antrenor,edző,,,,,
collector,colector; gyűjtő; koguja,,,ro;hu,colector,gyűjtő,colector,gyűjtő,colector; koguja,,
conductor,karnagy,,,ro;hu,,,,,karnagy,ro: translation failed after 3 attempts: conductor --> No translation was found using the current translator. Try another translator?; hu: translation failed after 3 attempts: conductor --> No translation was found using the current translator. Try another translator?,
configurator,konfiguráló; konfigureerija,,,ro;hu,,konfiguráló,,konfiguráló,konfigureerija,ro: translation failed after 3 attempts: configurator --> No translation was found using the current translator. Try another translator?; hu: translation failed after 3 attempts: configurator --> No translation was found using the current translator. Try another translator?,
consultant,konsultant,,,ro;hu,,,,,konsultant,ro: translation failed after 3 attempts: consultant --> No translation was found using the current translator. Try another translator?; hu: translation failed after 3 attempts: consultant --> No translation was found using the current translator. Try another translator?,
controller,controlor,,,ro;hu,controlor,vezérlő,controlor,,controlor,,
cook,bucatar; szakács; kokk,,,ro;hu,bucătar,szakács,,szakács,bucatar; kokk,,
coordinator,coordonator,,,ro;hu,coordonator,koordinátora,coordonator,,coordonator,,
counsellor,counselor,,,ro;hu,consilier,tanácsadó,,,counselor,,
coverer,acoperitor; katja,,,ro;hu,acoperitor,takaró,acoperitor,,acoperitor; katja,,
developer,dezvoltator; fejlesztő; arendaja,,,ro;hu,dezvoltator,fejlesztő,dezvoltator,fejlesztő,dezvoltator; arendaja,,
director,igazgató; direktor,,,ro;hu,,igazgató,,igazgató,direktor,ro: translation failed after 3 attempts: director --> No translation was found using the current translator. Try another translator?; hu: translation failed after 3 attempts: director --> No translation was found using the current translator. Try another translator?,
dispatcher,dispecer; expeditor; diszpécser; dispetšer; disponent,,,ro;hu,dispecer,diszpécser,dispecer,diszpécser,dispecer; expeditor; dispetšer; disponent,,
distributor,distribuitor; forgalmazó,,,ro;hu,distribuitor,forgalmazó; elosztó,distribuitor,forgalmazó,distribuitor,,
diver,scafandru; búvár; sukelduja,,,ro;hu,,búvár,,búvár,scafandru; sukelduja,ro: translation failed after 3 attempts: diver --> No translation was found using the current translator. Try another translator?; hu: translation failed after 3 attempts: diver --> No translation was found using the current translator. Try another translator?,
drafter,rajzoló; joonestaja,,,ro;hu,,rajzoló,,rajzoló,joonestaja,ro: translation failed after 3 attempts: drafter --> No translation was found using the current translator. Try another translator?; hu: translation failed after 3 attempts: drafter --> No translation was found using the current translator. Try another translator?,
dresser,îmbrăcător; öltöztető; riietaja,,,ro;hu,îmbrăcător; sifonier,öltöztető; komód,îmbrăcător,öltöztető,riietaja,,
driver,sofer; conducator auto; conducător auto; stivuitorist; sofőr; autojuht,,,ro;hu,conducător auto; şofer,sofőr,conducător auto,sofőr,sofer; conducator auto; stivuitorist; autojuht,,
editor,szerkesztő; toimetaja,,,ro;hu,,szerkesztő,,szerkesztő,toimetaja,ro: translation failed after 3 attempts: editor --> No translation was found using the current translator. Try another translator?; hu: translation failed after 3 attempts: editor --> No translation was found using the current translator. Try another translator?,
electrician,villanyszerelő; elektrik,,,ro;hu,,villanyszerelő,,villanyszerelő,elektrik,ro: translation failed after 3 attempts: electrician --> No translation was found using the current translator. Try another translator?; hu: translation failed after 3 attempts: electrician --> No translation was found using the current translator. Try another translator?,
engineer,inginer; mérnök; insener,,,ro;hu,inginer,mérnök,inginer,mérnök,inginer; insener,,
engraver,gravor; gravírozó; graveerija,,,ro;hu,gravor,gravírozó; vésnök,gravor,gravírozó,gravor; graveerija,,
ergonomist,ergonómus; ergonoom,,,ro;hu,,ergonómus,,ergonómus,ergonoom,ro: translation failed after 3 attempts: ergonomist --> No translation was found using the current translator. Try another translator?; hu: translation failed after 3 attempts: ergonomist --> No translation was found using the current translator. Try another translator?,
escort,eskort,,,ro;hu,escorta,kíséret,,,eskort,,
executive,executiv,,,ro;hu,executiv,végrehajtó,executiv,,executiv,,
expert,szakértő; ekspert,,,ro;hu,,szakértő,,szakértő,ekspert,ro: translation failed after 3 attempts: expert --> No translation was found using the current translator. Try another translator?; hu: translation failed after 3 attempts: expert --> No translation was found using the current translator. Try another translator?,
filler,umplutor; töltő; täitja,,,ro;hu,umplutură,töltő; töltőanyag,,töltő,umplutor; täitja,,
finisher,finisator; viimistleja; betonist,,,ro;hu,finisator,befejező,finisator,,finisator; viimistleja; betonist,,
firefighter,pompier; tűzoltó; päästja,,,ro;hu,pompier,tűzoltó,pompier,tűzoltó,pompier; päästja,,
fitter,,,,ro;hu,instalator,szerelő,,,,,
geologist,geolog; geológus; geoloog,,,ro;hu,geolog,geológus,geolog,geológus,geolog; geoloog,,
governor,guvernator; kormányzó; kuberner,,,ro;hu,guvernator,kormányzó,guvernator,kormányzó,guvernator; kuberner,,
grader,osztályozó; liigitaja,,,ro;hu,gradator,osztályozó; földgyalu,,osztályozó,liigitaja,,
guard,őr; valvur; gardian,,,ro;hu,paznic,őr,,őr,valvur; gardian,,
guide,ghid; idegenvezető; giid,,,ro;hu,ghid,idegenvezető; útmutató,ghid,idegenvezető,ghid; giid,,
handler,manipulant; käsitseja,,,ro;hu,manipulator,kezelő,,,manipulant; käsitseja,,
head,,,,ro;hu,cap,fej,,,,,
host,házigazda,,,ro;hu,,házigazda,,házigazda,,ro: translation failed after 3 attempts: host --> No translation was found using the current translator. Try another translator?; hu: translation failed after 3 attempts: host --> No translation was found using the current translator. Try another translator?,
hostess,háziasszony,,,ro;hu,,háziasszony,,háziasszony,,ro: translation failed after 3 attempts: hostess --> No translation was found using the current translator. Try another translator?; hu: translation failed after 3 attempts: hostess --> No translation was found using the current translator. Try another translator?,
inspector,ellenőr; inspektor,,,ro;hu,,ellenőr,,ellenőr,inspektor,ro: translation failed after 3 attempts: inspector --> No translation was found using the current translator. Try another translator?,
installer,instalator,,,ro;hu,instalator,telepítő,instalator,,instalator,,
instructor,oktató; instruktor,,,ro;hu,,oktató,,oktató,instruktor,ro: translation same as role_head,
interpreter,interpret; tolmács; tõlk,,,ro;hu,interpret,tolmács,interpret,tolmács,interpret; tõlk,hu: translation failed after 3 attempts: interpreter --> No translation was found using the current translator. Try another translator?,
investigator,nyomozó; uurija,,,ro;hu,anchetator,nyomozó,,nyomozó,uurija,hu: translation failed after 3 attempts: investigator --> No translation was found using the current translator. Try another translator?,
journalist,jurnalist; újságíró; ajakirjanik,,,ro;hu,,újságíró,,újságíró,jurnalist; ajakirjanik,ro: translation failed after 3 attempts: journalist --> No translation was found using the current translator. Try another translator?; hu: translation failed after 3 attempts: journalist --> No translation was found using the current translator. Try another translator?,
labourer,laborer,,,ro;hu,,,,,laborer,ro: translation failed after 3 attempts: labourer --> No translation was found using the current translator. Try another translator?; hu: translation failed after 3 attempts: labourer --> No translation was found using the current translator. Try another translator?,
leader,,,,ro;hu,,,,,,ro: translation failed after 3 attempts: leader --> No translation was found using the current translator. Try another translator?; hu: translation failed after 3 attempts: leader --> No translation was found using the current translator. Try another translator?,
lecturer,lector; előadó; lektor,,,ro;hu,,előadó,,előadó,lector; lektor,ro: translation failed after 3 attempts: lecturer --> No translation was found using the current translator. Try another translator?,
machinist,mașinist; gépész,,,ro;hu,mașinist,gépész,mașinist,gépész,,,
maker,fabricator; készítő; valmistaja,,,ro;hu,făcător,készítő,,készítő,fabricator; valmistaja,,
manager,menedzser; mänedžer,,,ro;hu,,menedzser,,menedzser,menedzser; mänedžer,ro: translation same as role_head,
master,maistru; mester; meister,,,ro;hu,maestru,fő-,,,maistru; mester; meister,,
mechanic,mecanic; mehaanik,,,ro;hu,mecanic,szerelő,mecanic,,mecanic; mehaanik,,
merchant,kaupmees,,,ro;hu,comerciant,kereskedő,,,kaupmees,,
metallurgist,metalurgist; kohász; metallurg,,,ro;hu,metalurgist,kohász; fémkohász,metalurgist,kohász,metalurgist; metallurg,,
minder,supraveghetor; vigyázó,,,ro;hu,,vigyázó,,vigyázó,supraveghetor,ro: translation failed after 3 attempts: minder --> No translation was found using the current translator. Try another translator?; hu: translation failed after 3 attempts: minder --> No translation was found using the current translator. Try another translator?,
mixer,keverő; segaja,,,ro;hu,,keverő,,keverő,segaja,ro: translation same as role_head; hu: translation failed after 3 attempts: mixer --> No translation was found using the current translator. Try another translator?,
modeller,modeler; modelator; modellező; modelleerija,,,ro;hu,,modellező,,modellező,modeler; modelator; modelleerija,ro: translation failed after 3 attempts: modeller --> No translation was found using the current translator. Try another translator?; hu: translation failed after 3 attempts: modeller --> No translation was found using the current translator. Try another translator?,
monk,călugăr; szerzetes; munk,,,ro;hu,călugăr,,călugăr,,szerzetes; munk,ro: translation failed after 3 attempts: monk --> No translation was found using the current translator. Try another translator?; hu: translation failed after 3 attempts: monk --> No translation was found using the current translator. Try another translator?,
moulder,formator; formázó; vormija,,,ro;hu,,formázó,,formázó,formator; vormija,ro: translation failed after 3 attempts: moulder --> No translation was found using the current translator. Try another translator?; hu: translation failed after 3 attempts: moulder --> No translation was found using the current translator. Try another translator?,
nun,călugăriță; apáca; nunn,,,ro;hu,călugăriță,apáca,călugăriță,apáca,nunn,,
nutritionist,toitumisnõustaja,,,ro;hu,,,,,toitumisnõustaja,ro: translation failed after 3 attempts: nutritionist --> No translation was found using the current translator. Try another translator?; hu: translation failed after 3 attempts: nutritionist --> No translation was found using the current translator. Try another translator?,
officer,ofițer; tiszt; ohvitser,,,ro;hu,ofițer,,ofițer,,tiszt; ohvitser,ro: translation failed after 3 attempts: officer --> No translation was found using the current translator. Try another translator?; hu: translation failed after 3 attempts: officer --> No translation was found using the current translator. Try another translator?,
operative,,,,ro;hu,,,,,,ro: translation failed after 3 attempts: operative --> No translation was found using the current translator. Try another translator?; hu: translation failed after 3 attempts: operative --> No translation was found using the current translator. Try another translator?,
operator,operaator,,,ro;hu,,,,,operaator,ro: translation failed after 3 attempts: operator --> No translation was found using the current translator. Try another translator?; hu: translation failed after 3 attempts: operator --> No translation was found using the current translator. Try another translator?,
painter,vopsitor; pictor; festő; maalija,,,ro;hu,,festő,,festő,vopsitor; pictor; maalija,ro: translation failed after 3 attempts: painter --> No translation was found using the current translator. Try another translator?; hu: translation failed after 3 attempts: painter --> No translation was found using the current translator. Try another translator?,
patternmaker,șablonist; mintakészítő; mustrimeister,,,ro;hu,șablonist,mintakészítő,șablonist,mintakészítő,mustrimeister,,
pharmacist,gyógyszerész; farmacist; proviisor,,,ro;hu,,gyógyszerész,,gyógyszerész,farmacist; proviisor,ro: translation failed after 3 attempts: pharmacist --> No translation was found using the current translator. Try another translator?,
philosopher,filozof; filozófus; filosoof,,,ro;hu,,filozófus,,filozófus,filozof; filosoof,ro: translation failed after 3 attempts: philosopher --> No translation was found using the current translator. Try another translator?; hu: translation failed after 3 attempts: philosopher --> No translation was found using the current translator. Try another translator?,
physiotherapist,fizioterapeut; gyógytornász; füsioterapeut,,,ro;hu,,gyógytornász; füsioterapeut,,gyógytornász; füsioterapeut,fizioterapeut,ro: translation failed after 3 attempts: physiotherapist --> No translation was found using the current translator. Try another translator?; hu: translation failed after 3 attempts: physiotherapist --> No translation was found using the current translator. Try another translator?,
pilot,pilóta; piloot; co-pilot,,,ro;hu,,pilóta,,pilóta,piloot; co-pilot,ro: translation failed after 3 attempts: pilot --> No translation was found using the current translator. Try another translator?; hu: translation failed after 3 attempts: pilot --> No translation was found using the current translator. Try another translator?,
planner,planificator; planeerija,,,ro;hu,,,,,planificator; planeerija,ro: translation failed after 3 attempts: planner --> No translation was found using the current translator. Try another translator?; hu: translation failed after 3 attempts: planner --> No translation was found using the current translator. Try another translator?,
polisher,lustruitor; poleerija,,,ro;hu,,,,,lustruitor; poleerija,ro: translation failed after 3 attempts: polisher --> No translation was found using the current translator. Try another translator?; hu: translation failed after 3 attempts: polisher --> No translation was found using the current translator. Try another translator?,
practitioner,practician; praktiseerija; praktik,,,ro;hu,,,,,practician; praktiseerija; praktik,ro: translation failed after 3 attempts: practitioner --> No translation was found using the current translator. Try another translator?; hu: translation failed after 3 attempts: practitioner --> No translation was found using the current translator. Try another translator?,
printer,tipograf; nyomdász; trükkija,,,ro;hu,,nyomdász; trükkija,,nyomdász; trükkija,tipograf,ro: translation failed after 3 attempts: printer --> No translation was found using the current translator. Try another translator?; hu: translation failed after 3 attempts: printer --> No translation was found using the current translator. Try another translator?,
producer,producător; tootja,,,ro;hu,producător,,producător,,tootja,ro: translation failed after 3 attempts: producer --> No translation was found using the current translator. Try another translator?; hu: translation failed after 3 attempts: producer --> No translation was found using the current translator. Try another translator?,
programmer,programator; programozó; programmeerija,,,ro;hu,,programozó,,programozó,programator; programmeerija,,
psychologist,pszichológus; psühholoog,,,ro;hu,,pszichológus; psühholoog,,pszichológus; psühholoog,,,
radiographer,radiograf; radiograaf; röntgenfelvételkészítő,,,ro;hu,,röntgenfelvételkészítő,,röntgenfelvételkészítő,radiograf; radiograaf,,
registrar,registrator; anyakönyvvezető,,,ro;hu,,anyakönyvvezető,,anyakönyvvezető,registrator,,
repairer,vulcanizator; remondimees,,,ro;hu,,,,,vulcanizator; remondimees,,
representative,reprezentant; esindaja; képviselő,,,ro;hu,,képviselő,,képviselő,reprezentant; esindaja,,
researcher,cercetator; kutató,,,ro;hu,,kutató,,kutató,cercetator,,
restorer,restaurator; restauraator,,,ro;hu,,,,,restaurator; restauraator,,
rigger,kötélzetkezelő,,,ro;hu,,kötélzetkezelő,,kötélzetkezelő,,,
roaster,prăjitor; pörkölő; röstija,,,ro;hu,prăjitor,pörkölő; röstija,prăjitor,pörkölő; röstija,,,
scientist,tudós,,,ro;hu,,tudós,,tudós,,,
secretary,secretar; titkár; sekretär,,,ro;hu,,titkár,,titkár,secretar; sekretär,,
seller,vanzator; vanzatoare; eladó; salesperson,,,ro;hu,,eladó,,eladó,vanzator; vanzatoare; salesperson,,
smith,fierar; kovács,,,ro;hu,,kovács,,kovács,fierar,,
sommelier,somelier; sommeljee,,,ro;hu,,,,,somelier; sommeljee,,
specialist,spetsialist; szakember,,,ro;hu,,,,,spetsialist; szakember,,
steward,stjuuard,,,ro;hu,,,,,stjuuard,,
stewardess,stewardesă; stjuardess,,,ro;hu,stewardesă,,stewardesă,,stjuardess,,
stand-in,,,,ro;hu,,,,,,,
supervisor,responsabil,,,ro;hu,,,,,responsabil,,
surveyor,topograf; földmérő; maamõõtja,,,ro;hu,,földmérő,,földmérő,topograf; maamõõtja,,
teacher,profesor,,,ro;hu,,,,,profesor,,
technician,tehnician; technikus; tehnik; frigotehnist,,,ro;hu,,,,,tehnician; technikus; tehnik; frigotehnist,,
technologist,tehnolog; technológus; tehnoloog,,,ro;hu,,technológus,,technológus,tehnolog; tehnoloog,,
tender,gondozó,,,ro;hu,,gondozó,,gondozó,,,
tester,tesztelő; testija,,,ro;hu,,tesztelő,,tesztelő,testija,,
therapist,terapeut; terapeuta,,,ro;hu,,,,,terapeut; terapeuta,,
trader,kaupleja,,,ro;hu,,,,,kaupleja,,
trainer,,,,ro;hu,,,,,,,
translator,traducator; fordító; tõlkija,,,ro;hu,,fordító,,fordító,traducator; tõlkija,,
underwriter,,,,ro;hu,,,,,,,
upholsterer,tapițer; kárpitos,,,ro;hu,tapițer,kárpitos,tapițer,kárpitos,,,
vendor,árus,,,ro;hu,,árus,,árus,,,
veterinarian,állatorvos; loomaarst,,,ro;hu,,állatorvos,,állatorvos,loomaarst,,
waiter,ospatar; pincér; kelner,,,ro;hu,,pincér,,pincér,ospatar; kelner,,
welder,sudor; hegesztő; keevitaja,,,ro;hu,,hegesztő,,hegesztő,sudor; keevitaja,,
worker,lucrator; muncitor; magaziner,,,ro;hu,,,,,lucrator; muncitor; magaziner,,
writer,scriitor; író; kirjanik; author,,,ro;hu,,író,,író,scriitor; kirjanik; author,,
aesthetician,beautician; estetician; kozmetikus,,,ro;hu,,,,,beautician; estetician; kozmetikus,,
agronomist,agronom; agronómus; agronoom,,,ro;hu,,agronómus,,agronómus,agronom; agronoom,,
ambassador,ambasador; nagykövet; suursaadik,,,ro;hu,,nagykövet,,nagykövet,ambasador; suursaadik,,
annealer,recoacător,,,ro;hu,recoacător,,recoacător,,,,
anthropologist,antropolog; antropológus; antropoloog,,,ro;hu,,antropológus,,antropológus,antropolog; antropoloog,,
arboriculturist,arboricultor; puukasvataja,,,ro;hu,,,,,arboricultor; puukasvataja,,
archaeologist,arheolog; régész; arheoloog,,,ro;hu,,régész,,régész,arheolog; arheoloog,,
archivist,arhivist; levéltáros; arhivaar,,,ro;hu,,levéltáros,,levéltáros,arhivist; arhivaar,,
aromatherapist,aromaterapeut; aromaterapeuta; aroomiterapeut,,,ro;hu,,,,,aromaterapeut; aromaterapeuta; aroomiterapeut,,
arranger,aranjor; arranžeerija,,,ro;hu,,,,,aranjor; arranžeerija,,
assayer,fémvizsgáló,,,ro;hu,,fémvizsgáló,,fémvizsgáló,,,
assessor,evaluator; hindaja,,,ro;hu,,,,,evaluator; hindaja,,
astrologer,astrolog; asztrológus; astroloog,,,ro;hu,,asztrológus,,asztrológus,astrolog; astroloog,,
astronomer,astronom; csillagász; astronoom,,,ro;hu,,csillagász,,csillagász,astronom; astronoom,,
auctioneer,licitator; árverésvezető; oksjonipidaja,,,ro;hu,,árverésvezető,,árverésvezető,licitator; oksjonipidaja,,
audiologist,audiolog; audiológus; audioloog,,,ro;hu,,audiológus,,audiológus,audiolog; audioloog,,
babysitter,bébiszitter; bonă,,,ro;hu,bonă,bébiszitter,bonă,bébiszitter,,,
baker,brutar; pék; pagar,,,ro;hu,,pék,,pék,brutar; pagar,,
banker,bancher; bankár; pankur,,,ro;hu,,bankár,,bankár,bancher; pankur,,
barber,bărbier; borbély; habemees,,,ro;hu,bărbier,borbély,bărbier,borbély,habemees,,
bartender,barman; csapos; baarmen,,,ro;hu,,,,,barman; csapos; baarmen,,
basketmaker,kosárfonó; korvipunuja,,,ro;hu,,kosárfonó,,kosárfonó,korvipunuja,,
behaviourist,behaviorist; viselkedéskutató; käitumisteadlane,,,ro;hu,,viselkedéskutató,,viselkedéskutató,behaviorist; käitumisteadlane,,
biochemist,biochimist; biokémikus; biokeemik,,,ro;hu,,biokémikus,,biokémikus,biochimist; biokeemik,,
bioengineer,bioinginer; biomérnök; bioinsener,,,ro;hu,,biomérnök,,biomérnök,bioinginer; bioinsener,,
biometrician,biometrist; biometrikus; biomeetrik,,,ro;hu,,,,,biometrist; biometrikus; biomeetrik,,
biophysicist,biofizician; biofizikus; biofüüsik,,,ro;hu,,biofüüsik,,biofüüsik,biofizician; biofizikus,,
blogger,blogija,,,ro;hu,,,,,blogija,,
boatman,luntraș; hajós; paadimees,,,ro;hu,luntraș,hajós,luntraș,hajós,paadimees,,
boatmaster,laevakapten,,,ro;hu,,,,,laevakapten,,
boilermaker,cazanar; kazánkovács; katelsepp,,,ro;hu,,kazánkovács,,kazánkovács,cazanar; katelsepp,,
bookkeeper,könyvelő,,,ro;hu,,könyvelő,,könyvelő,,,
bookmaker,kihlveokorraldaja,,,ro;hu,,,,,kihlveokorraldaja,,
botanist,botanikus; botaanik,,,ro;hu,,,,,botanikus; botaanik,,
brazier,arămari; rézműves; vasksepp,,,ro;hu,arămari,rézműves,arămari,rézműves,vasksepp,,
brewmaster,pruulmeister,,,ro;hu,,,,,pruulmeister,,
bricklayer,zidar; kőműves; müürsepp,,,ro;hu,,kőműves; müürsepp,,kőműves; müürsepp,zidar,,
brigadier,brigádvezető; brigadir,,,ro;hu,,brigádvezető,,brigádvezető,brigadir,,
butcher,măcelar; hentes; lihunik,,,ro;hu,măcelar,,măcelar,,hentes; lihunik,,
butler,majordom; komornyik; ülemteener,,,ro;hu,,ülemteener,,ülemteener,majordom; komornyik,,
caretaker,gondnok,,,ro;hu,,,,,gondnok,,
cartographer,cartograf; térképész; kartograaf,,,ro;hu,,térképész,,térképész,cartograf; kartograaf,,
cartoonist,caricaturist; karikaturista; karikaturist,,,ro;hu,,,,,caricaturist; karikaturista; karikaturist,,
catcher,prinzător; püüdja,,,ro;hu,prinzător,püüdja,prinzător,püüdja,,,
ceramicist,ceramist; keramikus; keraamik,,,ro;hu,,,,,ceramist; keramikus; keraamik,,
chef,főszakács; peakokk,,,ro;hu,,főszakács,,főszakács,peakokk,,
chocolatier,ciocolatier; csokoládékészítő; šokolaadimeister,,,ro;hu,,csokoládékészítő,,csokoládékészítő,ciocolatier; šokolaadimeister,,
choreographer,coregraf; koreográfus; koreograaf,,,ro;hu,,koreográfus,,koreográfus,coregraf; koreograaf,,
choreologist,coreolog; mozgáselemző; koreoloog,,,ro;hu,,mozgáselemző,,mozgáselemző,coreolog; koreoloog,,
chromatographer,cromatograf; kromatograaf,,,ro;hu,,,,,cromatograf; kromatograaf,,
clarifier,limpezitor; derítő,,,ro;hu,,derítő,,derítő,limpezitor,,
cleaner,takarító; puhastaja; curățător,,,ro;hu,curățător,takarító,curățător,takarító,puhastaja,,
climatologist,climatolog; klimatológus; klimatoloog,,,ro;hu,,klimatológus,,klimatológus,climatolog; klimatoloog,,
coachbuilder,carosier; karosszérialakatos,,,ro;hu,,karosszérialakatos,,karosszérialakatos,carosier,,
coder,kódoló; kodeerija; codificator,,,ro;hu,,kódoló,,kódoló,kodeerija; codificator,,
columnist,rovatvezető; kolumnist,,,ro;hu,,rovatvezető,,rovatvezető,kolumnist,,
communicator,comunicator; kommunikátor; kommunikaator,,,ro;hu,,kommunikátor,,kommunikátor,comunicator; kommunikaator,,
composer,compozitor; zeneszerző; helilooja,,,ro;hu,,zeneszerző,,zeneszerző,compozitor; helilooja,,
confectioner,cofetar; cukrász,,,ro;hu,,cukrász,,cukrász,cofetar,,
conservator,konservaator,,,ro;hu,,,,,konservaator,,
contractor,antreprenor; vállalkozó; töövõtja,,,ro;hu,,vállalkozó; töövõtja,,vállalkozó; töövõtja,antreprenor,,
cooper,butnar; kádár; tünnimeister,,,ro;hu,,kádár; tünnimeister,,kádár; tünnimeister,butnar,,
copywriter,szövegíró,,,ro;hu,,szövegíró,,szövegíró,,,
coroner,halottkém; kohtuarst,,,ro;hu,,halottkém,,halottkém,kohtuarst,,
cosmologist,cosmolog; kozmológus; kosmoloog,,,ro;hu,,kozmológus,,kozmológus,cosmolog; kosmoloog,,
criminologist,criminolog; kriminológus; kriminoloog,,,ro;hu,,kriminológus,,kriminológus,criminolog; kriminoloog,,
curator,kurátor; kuraator,,,ro;hu,,kurátor,,kurátor,kuraator,,
cutter,lõikur,,,ro;hu,,,,,lõikur,,
cytotechnologist,citotehnolog; citotechnológus; tsütotehnoloog,,,ro;hu,,citotechnológus; tsütotehnoloog,,citotechnológus; tsütotehnoloog,citotehnolog,,
dancer,dansator; táncos; tantsija,,,ro;hu,,táncos,,táncos,dansator; tantsija,,
dealer,diiler,,,ro;hu,,,,,diiler,,
decksman,,,,ro;hu,,,,,,,
demographer,demograf; demográfus; demograaf,,,ro;hu,,demográfus,,demográfus,demograf; demograaf,,
demonstrator,demonstraator,,,ro;hu,,,,,demonstraator,,
dentist,stomatolog; fogorvos; hambaarst,,,ro;hu,,,,,stomatolog; fogorvos; hambaarst,,
designer,disainer,,,ro;hu,,,,,disainer,,
dietitian,dietetician; dietetikus; dietoloog,,,ro;hu,,,,,dietetician; dietetikus; dietoloog,,
doctor,medic; orvos; arst,,,ro;hu,,,,,medic; orvos; arst,,
dressmaker,ruhakészítő,,,ro;hu,,ruhakészítő,,ruhakészítő,,,
driller,forer; puurija,,,ro;hu,,,,,forer; puurija,,
ecologist,ökológus; ökoloog,,,ro;hu,,ökológus; ökoloog,,ökológus; ökoloog,,,
economist,közgazdász; majandusteadlane,,,ro;hu,,közgazdász,,közgazdász,majandusteadlane,,
educator,pedagógus; kasvataja,,,ro;hu,,pedagógus,,pedagógus,kasvataja,,
embalmer,îmbălsămător; balzsamozó; palsameerija,,,ro;hu,îmbălsămător,balzsamozó,îmbălsămător,balzsamozó,palsameerija,,
embroiderer,brodeuză; hímző,,,ro;hu,brodeuză,hímző,brodeuză,hímző,,,
enameller,emailator; zománcozó; emailija,,,ro;hu,,zománcozó,,zománcozó,emailator; emailija,,
epidemiologist,epidemiolog; epidemioloog,,,ro;hu,,,,,epidemiolog; epidemioloog,,
farrier,potcovar; patkolókovács,,,ro;hu,,patkolókovács,,patkolókovács,potcovar,,
forester,pădurar; erdész; metsamees,,,ro;hu,pădurar,erdész,pădurar,erdész,metsamees,,
gauger,calibrator; mõõtja,,,ro;hu,,,,,calibrator; mõõtja,,
gemmologist,gemolog; drágakőszakértő,,,ro;hu,,drágakőszakértő,,drágakőszakértő,gemolog,,
genealogist,genealógus; genealoog,,,ro;hu,,genealógus,,genealógus,genealoog,,
geneticist,genetician; genetikus; geneetik,,,ro;hu,,,,,genetician; genetikus; geneetik,,
geochemist,geochimist; geokémikus; geokeemik,,,ro;hu,,geokémikus,,geokémikus,geochimist; geokeemik,,
geographer,geograf; geográfus; geograaf,,,ro;hu,,geográfus,,geográfus,geograf; geograaf,,
geophysicist,geofizician; geofizikus; geofüüsik,,,ro;hu,,geofüüsik,,geofüüsik,geofizician; geofizikus,,
geotechnician,geotechnikus; geotehnik,,,ro;hu,,,,,geotechnikus; geotehnik,,
graphologist,grafolog; grafológus; grafoloog,,,ro;hu,,grafológus,,grafológus,grafolog; grafoloog,,
greaser,gresor; zsírozó; määrija,,,ro;hu,,zsírozó,,zsírozó,gresor; määrija,,
groomer,kutyakozmetikus,,,ro;hu,,,,,kutyakozmetikus,,
guardian,gyám; eestkostja,,,ro;hu,,gyám,,gyám,eestkostja,,
hacker,häkker,,,ro;hu,,,,,häkker,,
hairdresser,coafor; fodrász; juuksur,,,ro;hu,,fodrász,,fodrász,coafor; juuksur,,
hawker,rändkaupmees,,,ro;hu,,,,,rändkaupmees,,
headteacher,koolijuht,,,ro;hu,,,,,koolijuht,,
helmsman,cârmaci; kormányos; tüürimees,,,ro;hu,cârmaci,kormányos; tüürimees,cârmaci,kormányos; tüürimees,,,
historian,istoric; történész; ajaloolane,,,ro;hu,,történész,,történész,istoric; ajaloolane,,
housekeeper,menajeră; házvezetőnő; majapidaja,,,ro;hu,menajeră,házvezetőnő,menajeră,házvezetőnő,majapidaja,,
hunter,vânător; vadász; kütt,,,ro;hu,vânător,vadász; kütt,vânător,vadász; kütt,,,
hydrogeologist,hidrogeolog; hidrogeológus; hüdrogeoloog,,,ro;hu,,hidrogeológus; hüdrogeoloog,,hidrogeológus; hüdrogeoloog,hidrogeolog,,
hydrologist,hidrolog; hidrológus; hüdroloog,,,ro;hu,,hidrológus; hüdroloog,,hidrológus; hüdroloog,hidrolog,,
hydrotherapist,hidroterapeut; hidroterapeuta; hüdroterapeut,,,ro;hu,,hüdroterapeut,,hüdroterapeut,hidroterapeut; hidroterapeuta,,
hygienist,igienist; higiénikus; hügieenik,,,ro;hu,,higiénikus; hügieenik,,higiénikus; hügieenik,igienist,,
illustrator,ilustrator; illusztrátor; illustraator,,,ro;hu,,illusztrátor,,illusztrátor,ilustrator; illustraator,,
imagesetter,image setter,,,ro;hu,,,,,image setter,,
immunologist,imunolog; immunológus; immunoloog,,,ro;hu,,immunológus,,immunológus,imunolog; immunoloog,,
interceptor,,,,ro;hu,,,,,,,
interviewer,intervievator; interjúkészítő; intervjueerija,,,ro;hu,,interjúkészítő,,interjúkészítő,intervievator; intervjueerija,,
ironer,călcător; vasaló; triikija,,,ro;hu,călcător,vasaló,călcător,vasaló,triikija,,
ironworker,vasmunkás; rauasepp,,,ro;hu,,vasmunkás,,vasmunkás,rauasepp,,
jeweller,ékszerész; juveliir,,,ro;hu,,ékszerész,,ékszerész,juveliir,,
kinesiologist,kineziolog; kineziológus; kinesioloog,,,ro;hu,,kineziológus,,kineziológus,kineziolog; kinesioloog,,
knitter,tricotator,,,ro;hu,,,,,tricotator,,
landscaper,gardener; peisagist; maastikukujundaja,,,ro;hu,,,,,gardener; peisagist; maastikukujundaja,,
lawyer,avocat; ügyvéd; jurist,,,ro;hu,,ügyvéd,,ügyvéd,avocat; jurist,,
lexicographer,lexicograf; lexikográfus; leksikograaf,,,ro;hu,,lexikográfus,,lexikográfus,lexicograf; leksikograaf,,
librarian,bibliotecar; könyvtáros; raamatukoguhoidja,,,ro;hu,,könyvtáros,,könyvtáros,bibliotecar; raamatukoguhoidja,,
linguist,lingvist; nyelvész,,,ro;hu,,nyelvész,,nyelvész,lingvist,,
lithographer,litograf; litográfus; litograaf,,,ro;hu,,litográfus,,litográfus,litograf; litograaf,,
localiser,localizator; lokalizáló; lokaliseerija,,,ro;hu,,lokalizáló,,lokalizáló,localizator; lokaliseerija,,
lyricist,textier; dalszövegíró,,,ro;hu,,dalszövegíró,,dalszövegíró,textier,,
maintainer,întreținător; karbantartó; hooldustöötaja,,,ro;hu,întreținător,karbantartó; hooldustöötaja,întreținător,karbantartó; hooldustöötaja,,,
manicurist,manichiurist; manikűrös; maniküürija,,,ro;hu,,manikűrös; maniküürija,,manikűrös; maniküürija,manichiurist,,
marker,marcator; jelölő; märgistaja,,,ro;hu,,jelölő,,jelölő,marcator; märgistaja,,
marketer,marketinges; turundaja,,,ro;hu,,,,,marketinges; turundaja,,
mathematician,matematician; matematikus; matemaatik,,,ro;hu,,,,,matematician; matematikus; matemaatik,,
mayor,primar; polgármester; linnapea,,,ro;hu,,polgármester,,polgármester,primar; linnapea,,
mediator,közvetítő; lepitaja,,,ro;hu,,közvetítő,,közvetítő,lepitaja,,
mentor,,,,ro;hu,,,,,,,
merchandiser,árukihelyező; kaubapaigutaja,,,ro;hu,,árukihelyező,,árukihelyező,kaubapaigutaja,,
meteorologist,meteorolog; meteorológus; meteoroloog,,,ro;hu,,meteorológus,,meteorológus,meteorolog; meteoroloog,,
metrologist,metrolog; metrológus; metroloog,,,ro;hu,,metrológus,,metrológus,metrolog; metroloog,,
microbiologist,microbiolog; mikrobiológus; mikrobioloog,,,ro;hu,,mikrobiológus,,mikrobiológus,microbiolog; mikrobioloog,,
miller,morar; malmos; veskimees,,,ro;hu,,,,,morar; malmos; veskimees,,
milliner,pălărier; kalapos; kübarsepp,,,ro;hu,pălărier,kübarsepp,pălărier,kübarsepp,kalapos,,
mineralogist,mineralog; mineralógus,,,ro;hu,,mineralógus,,mineralógus,mineralog,,
mouldmaker,öntőformakészítő; vormimeister,,,ro;hu,,öntőformakészítő,,öntőformakészítő,vormimeister,,
mover,költöztető; kolija,,,ro;hu,,költöztető,,költöztető,kolija,,
musician,muzician; zenész; muusik,,,ro;hu,,zenész,,zenész,muzician; muusik,,
nanoengineer,nanoinginer; nanomérnök,,,ro;hu,,nanomérnök,,nanomérnök,nanoinginer,,
nurse,ápoló; õde,asistent medical,,hu,,ápoló,,ápoló,õde,,
observer,observator; megfigyelő; vaatleja,,,ro;hu,,megfigyelő,,megfigyelő,observator; vaatleja,,
oceanographer,oceanograf; óceánográfus; okeanograaf,,,ro;hu,,óceánográfus,,óceánográfus,oceanograf; okeanograaf,,
oenologist,oenolog; borász; veiniteadlane,,,ro;hu,,borász,,borász,oenolog; veiniteadlane,,
ombudsman,õiguskantsler,,,ro;hu,,,,,õiguskantsler,,
optician,optikus; optik,,,ro;hu,,,,,optikus; optik,,
optometrist,optometrista,,,ro;hu,,,,,optometrista,,
orthoptist,ortoptist; ortoptikus,,,ro;hu,,,,,ortoptist; ortoptikus,,
palaeontologist,paleontolog; paleontológus; paleontoloog,,,ro;hu,,paleontológus,,paleontológus,paleontolog; paleontoloog,,
pawnbroker,zălogar,,,ro;hu,zălogar,,zălogar,,,,
pedicurist,pedichiurist; pedikűrös; pediküürija,,,ro;hu,,pedikűrös; pediküürija,,pedikűrös; pediküürija,pedichiurist,,
pharmacologist,farmacolog; farmakológus; farmakoloog,,,ro;hu,,farmakológus,,farmakológus,farmacolog; farmakoloog,,
phlebotomist,flebotomist,,,ro;hu,,,,,flebotomist,,
photographer,fotograf; fotós; fotograaf,,,ro;hu,,fotós,,fotós,fotograf; fotograaf,,
photojournalist,fotoreporter; fotóriporter; fotoajakirjanik,,,ro;hu,,fotóriporter,,fotóriporter,fotoreporter; fotoajakirjanik,,
physicist,fizician; fizikus; füüsik,,,ro;hu,,füüsik,,füüsik,fizician; fizikus,,
physiologist,fiziolog; fiziológus; füsioloog,,,ro;hu,,fiziológus; füsioloog,,fiziológus; füsioloog,fiziolog,,
plasterer,krohvik,,,ro;hu,,,,,krohvik,,
plumber,vízszerelő; torulukksepp,,,ro;hu,,vízszerelő,,vízszerelő,torulukksepp,,
podiatrist,podológus; podoloog,,,ro;hu,,podológus,,podológus,podoloog,,
porter,hamal; hordár; kandja,,,ro;hu,,hordár,,hordár,hamal; kandja,,
potter,olar; fazekas; pottsepp,,,ro;hu,,,,,olar; fazekas; pottsepp,,
presenter,prezentator; műsorvezető; saatejuht,,,ro;hu,,műsorvezető,,műsorvezető,prezentator; saatejuht,,
printmaker,,,,ro;hu,,,,,,,
processor,procesor; feldolgozó; töötleja,,,ro;hu,,feldolgozó; töötleja,,feldolgozó; töötleja,procesor,,
projectionist,proiecționist; kinoprojektsionist,,,ro;hu,proiecționist,,proiecționist,,kinoprojektsionist,,
promoter,promotor,,,ro;hu,,,,,promotor,,
prompter,sufleur; súgó; suflöör,,,ro;hu,,súgó; suflöör,,súgó; suflöör,sufleur,,
proofreader,corector; korrektor,,,ro;hu,,,,,corector; korrektor,,
prosecutor,procuror; ügyész; prokurör,,,ro;hu,,ügyész; prokurör,,ügyész; prokurör,procuror,,
prototyper,prototipist; prototípusgyártó,,,ro;hu,,prototípusgyártó,,prototípusgyártó,prototipist,,
psychotherapist,psihoterapeut; pszichoterapeuta; psühhoterapeut,,,ro;hu,,psühhoterapeut,,psühhoterapeut,psihoterapeut; pszichoterapeuta,,
puppeteer,păpușar; bábművész,,,ro;hu,păpușar,bábművész,păpușar,bábművész,,,
purchaser,achizitor; beszerző; hankija,,,ro;hu,,beszerző,,beszerző,achizitor; hankija,,
pyrotechnician,pirotehnicist; pirotechnik; pürotehnik,,,ro;hu,,pürotehnik,,pürotehnik,pirotehnicist; pirotechnik,,
receptionist,receptioner,,,ro;hu,,,,,receptioner,,
reporter,riporter,,,ro;hu,,,,,riporter,,
riveter,nituitor; szegecselő; neetija,,,ro;hu,,szegecselő,,szegecselő,nituitor; neetija,,
roofer,acoperișar; tetőfedő; katusepanija,,,ro;hu,acoperișar,tetőfedő,acoperișar,tetőfedő,katusepanija,,
rustproofer,deruginator; rozsdamentesítő,,,ro;hu,,rozsdamentesítő,,rozsdamentesítő,deruginator,,
sailor,madrus; matrose,,,ro;hu,,,,,madrus; matrose,,
scaffolder,schelar; állványozó,,,ro;hu,,állványozó,,állványozó,schelar,,
scheduler,ütemező,,,ro;hu,,ütemező,,ütemező,,,
scopist,,,,ro;hu,,,,,,,
sculptor,szobrász; skulptor,,,ro;hu,,szobrász,,szobrász,skulptor,,
seaman,meremees,,,ro;hu,,,,,meremees,,
seismologist,seismolog; szeizmológus; seismoloog,,,ro;hu,,szeizmológus,,szeizmológus,seismolog; seismoloog,,
senator,legislator,,,ro;hu,,,,,legislator,,
shipbroker,hajóügynök; laevamaakler,,,ro;hu,,hajóügynök,,hajóügynök,laevamaakler,,
shoemaker,cizmar; cipész; kingsepp,,,ro;hu,,cipész,,cipész,cizmar; kingsepp,,
shopper,vásárló,,,ro;hu,,vásárló,,vásárló,,,
shotfirer,robbantó; lõhkaja,,,ro;hu,,robbantó,,robbantó,lõhkaja,,
shunter,manevrist; tolató; manööverdaja,,,ro;hu,,tolató; manööverdaja,,tolató; manööverdaja,manevrist,,
singer,cântăreț; énekes; laulja,,,ro;hu,cântăreț,énekes,cântăreț,énekes,laulja,,
sitter,gyermekfelügyelő,,,ro;hu,,gyermekfelügyelő,,gyermekfelügyelő,,,
skipper,comandant; laevajuht,,,ro;hu,,,,,comandant; laevajuht,,
slaughterer,,,,ro;hu,,,,,,,
sociologist,sociolog; szociológus; sotsioloog,,,ro;hu,,szociológus,,szociológus,sociolog; sotsioloog,,
solderer,forrasztó; jootja,,,ro;hu,,forrasztó,,forrasztó,jootja,,
sophrologist,szofrológus; sophroloog,,,ro;hu,,szofrológus,,szofrológus,sophroloog,,
speechwriter,beszédíró; kõnekirjutaja,,,ro;hu,,beszédíró,,beszédíró,kõnekirjutaja,,
statistician,statisztikus; statistik,,,ro;hu,,,,,statisztikus; statistik,,
stylist,stilist,,,ro;hu,,,,,stilist,,
subtitler,subtitrator; feliratozó; subtiitritegija,,,ro;hu,,feliratozó,,feliratozó,subtitrator; subtiitritegija,,
tailor,rätsep,,,ro;hu,,,,,rätsep,,
tanner,tăbăcar; cserző,,,ro;hu,tăbăcar,cserző,tăbăcar,cserző,,,
taxidermist,preparator; kitömő; taksidermist,,,ro;hu,,kitömő,,kitömő,preparator; taksidermist,,
teller,kassapidaja,,,ro;hu,,,,,kassapidaja,,
toxicologist,toxicolog; toxikológus; toksikoloog,,,ro;hu,,toxikológus,,toxikológus,toxicolog; toksikoloog,,
toymaker,játékkészítő,,,ro;hu,,játékkészítő,,játékkészítő,,,
transcriptionist,transcriptor; leíró; transkribeerija,,,ro;hu,,leíró,,leíró,transcriptor; transkribeerija,,
transporter,transportator; szállító; transportija,,,ro;hu,,szállító,,szállító,transportator; transportija,,
treasurer,trezorier; pénztárnok; varahoidja,,,ro;hu,,pénztárnok,,pénztárnok,trezorier; varahoidja,,
turner,strungar; esztergályos; treial,,,ro;hu,,esztergályos,,esztergályos,strungar; treial,,
tutor,magántanár; juhendaja,,,ro;hu,,magántanár,,magántanár,juhendaja,,
typesetter,culegător; szedő; laduja,,,ro;hu,culegător,szedő,culegător,szedő,laduja,,
typist,dactilograf; gépíró; masinakirjutaja,,,ro;hu,,gépíró,,gépíró,dactilograf; masinakirjutaja,,
usher,ușier; teremőr; saaliteenindaja,,,ro;hu,ușier,teremőr,ușier,teremőr,saaliteenindaja,,
valuer,valuator,,,ro;hu,,,,,valuator,,
verger,templomszolga; kirikuteenija,,,ro;hu,,,,,templomszolga; kirikuteenija,,
vlogger,vlogija,,,ro;hu,,,,,vlogija,,
waitress,ospătară; pincérnő; ettekandja,,,ro;hu,ospătară,pincérnő,ospătară,pincérnő,ettekandja,,
watchmaker,ceasornicar; kellassepp,,,ro;hu,,,,,ceasornicar; kellassepp,,
weaver,țesător; szövő,,,ro;hu,țesător,szövő,țesător,szövő,,,
webmaster,webmester; veebihaldur,,,ro;hu,,,,,webmester; veebihaldur,,
woodcarver,faszobrász; puidunikerdaja,,,ro;hu,,faszobrász,,faszobrász,puidunikerdaja,,
woodturner,faesztergályos; puidutreial,,,ro;hu,,faesztergályos,,faesztergályos,puidutreial,,
zookeeper,állatgondozó; loomaaednik,,,ro;hu,,állatgondozó,,állatgondozó,loomaaednik,,
picker,selector; válogató; korjaja,,,ro;hu,,válogató,,válogató,selector; korjaja,,
adjuster,constatator de daune; kárszakértő; kahjukäsitleja,,,ro;hu,,kárszakértő,,kárszakértő,constatator de daune; kahjukäsitleja,,
aide,segéd,,,ro;hu,,segéd,,segéd,,,
anchor,prezentator de știri; híradós; uudisteankur,,,ro;hu,prezentator de știri,híradós,prezentator de știri,híradós,uudisteankur,,
appraiser,értékbecslő,,,ro;hu,,értékbecslő,,értékbecslő,,,
astronaut,űrhajós,,,ro;hu,,űrhajós,,űrhajós,,,
bailiff,executor judecătoresc; végrehajtó; kohtutäitur,,,ro;hu,executor judecătoresc,végrehajtó,executor judecătoresc,végrehajtó,kohtutäitur,,
barista,,,,ro;hu,,,,,,,
biotechnologist,biotehnolog; biotechnológus; biotehnoloog,,,ro;hu,,biotechnológus,,biotechnológus,biotehnolog; biotehnoloog,,
blacksmith,sepp,,,ro;hu,,,,,sepp,,
boatswain,șef de echipaj; fedélzetmester; bosun; bo'sun,,,ro;hu,șef de echipaj,fedélzetmester,șef de echipaj,fedélzetmester,bosun; bo'sun,,
bodyguard,gardă de corp; testőr; ihukaitsja,,,ro;hu,gardă de corp,testőr,gardă de corp,testőr,ihukaitsja,,
caller,operator de apeluri; hívó; helistaja; telecaller,,,ro;hu,,hívó,,hívó,operator de apeluri; helistaja; telecaller,,
canvasser,agent electoral; kampányoló; kampaaniatöötaja,,,ro;hu,,kampányoló; kampaaniatöötaja,,kampányoló; kampaaniatöötaja,agent electoral,,
captain,căpitan; kapitány; kapten,,,ro;hu,căpitan,kapitány,căpitan,kapitány,kapten,,
carpenter,,,,ro;hu,,,,,,,
chauffeur,șofer; erajuht,,,ro;hu,șofer,,șofer,,erajuht,,
colourist,colorist,,,ro;hu,,,,,colorist,,
commissioner,comisar; biztos; komissar,,,ro;hu,,,,,comisar; biztos; komissar,,
concierge,portás; uksehoidja,,,ro;hu,,portás,,portás,uksehoidja,,
councillor,councilor,,,ro;hu,,,,,councilor,,
courier,curier; futár; kuller,,,ro;hu,,futár,,futár,curier; kuller,,
critic,kritikus; kriitik,,,ro;hu,,,,,kritikus; kriitik,,
detective,detectiv; detektív; detektiiv,,,ro;hu,,detektív,,detektív,detectiv; detektiiv,,
diplomat,diplomata; diplomaat,,,ro;hu,,,,,diplomata; diplomaat,,
examiner,examinator; vizsgáztató; eksamineerija,,,ro;hu,,vizsgáztató,,vizsgáztató,examinator; eksamineerija,,
farmer,fermier; gazdálkodó; põllumees,,,ro;hu,,gazdálkodó,,gazdálkodó,fermier; põllumees,,
forecaster,prognozator; előrejelző; prognoosija,,,ro;hu,,előrejelző,,előrejelző,prognozator; prognoosija,,
glazier,geamgiu; üvegező; klaasija,,,ro;hu,,üvegező,,üvegező,geamgiu; klaasija,,
homeopath,homeopat; homeopata; homöopaat,,,ro;hu,,homöopaat,,homöopaat,homeopat; homeopata,,
integrator,,,,ro;hu,,,,,,,
jointer,,,,ro;hu,,,,,,,
judge,,,,ro;hu,,,,,,,
laminator,lamináló; lamineerija,,,ro;hu,,lamináló,,lamináló,lamineerija,,
layer,,,,ro;hu,,,,,,,
manufacturer,gyártó,,,ro;hu,,gyártó,,gyártó,,,
marshaller,mareșal; maršall; marssal,,,ro;hu,mareșal,,mareșal,,maršall; marssal,,
midwife,moașă; szülésznő; ämmaemand,,,ro;hu,moașă,szülésznő,moașă,szülésznő,ämmaemand,,
miner,bányász; kaevur,,,ro;hu,,bányász,,bányász,kaevur,,
model,,,,ro;hu,,,,,,,
notary,közjegyző,,,ro;hu,,közjegyző,,közjegyző,,,
official,,,,ro;hu,,,,,,,
organiser,organizer,,,ro;hu,,,,,organizer,,
osteopath,osteopat; oszteopata; osteopaat,,,ro;hu,,,,,osteopat; oszteopata; osteopaat,,
paramedic,mentőtiszt; parameedik,,,ro;hu,,mentőtiszt,,mentőtiszt,parameedik,,
performer,előadóművész; esineja,,,ro;hu,,előadóművész,,előadóművész,esineja,,
presser,,,,ro;hu,,,,,,,
publisher,kiadó; kirjastaja,,,ro;hu,,kiadó,,kiadó,kirjastaja,,
repetiteur,répétiteur,,,ro;hu,,répétiteur,,répétiteur,,,
responder,intervenient; beavatkozó; reageerija,,,ro;hu,,beavatkozó,,beavatkozó,intervenient; reageerija,,
setter,pregatitor,,,ro;hu,,,,,pregatitor,,
sorter,sortator; sorteerija,,,ro;hu,,,,,sortator; sorteerija,,
spinner,filator; fonó; ketraja,,,ro;hu,,fonó,,fonó,filator; ketraja,,
superintendent,ülem,,,ro;hu,,ülem,,ülem,,,
surgeon,chirurg; sebész; kirurg,,,ro;hu,,sebész,,sebész,chirurg; kirurg,,
trustee,hooldaja,,,ro;hu,,,,,hooldaja,,
vulcaniser,vulcanizer,,,ro;hu,,,,,vulcanizer,,
athlete,sportiv; sportoló; sportlane,,,ro;hu,,sportoló,,sportoló,sportiv; sportlane,,
blender,,,,ro;hu,,,,,,,
caster,,,,ro;hu,,,,,,,
chaplain,capelan; tábori lelkész; kaplan,,,ro;hu,,tábori lelkész,,tábori lelkész,capelan; kaplan,,
checker,,,,ro;hu,,,,,,,
comedian,komikus; koomik,,,ro;hu,,,,,komikus; koomik,,
commander,parancsnok; komandör,,,ro;hu,,komandör,,komandör,parancsnok,,
compiler,compilator; összeállító,,,ro;hu,,összeállító,,összeállító,compilator,,
consul,konzul; konsul,,,ro;hu,,,,,konzul; konsul,,
corporal,caporal; tizedes; kapral,,,ro;hu,,,,,caporal; tizedes; kapral,,
correspondent,corespondent; tudósító; korrespondent,,,ro;hu,,tudósító,,tudósító,corespondent; korrespondent,,
deckhand,deckman,,,ro;hu,,,,,deckman,,
describer,,,,ro;hu,,,,,,,
entrepreneur,ettevõ,,,ro;hu,,,,,ettevõ,,
general,tábornok; kindral,,,ro;hu,,tábornok,,tábornok,kindral,,
grinder,rectificator,,,ro;hu,,,,,rectificator,,
investor,investitor; befektető,,,ro;hu,,befektető,,befektető,investitor,,
lieutenant,locotenent; hadnagy; leitnant,,,ro;hu,,,,,locotenent; hadnagy; leitnant,,
major,maior; őrnagy,,,ro;hu,,őrnagy,,őrnagy,maior,,
minister,ministru; miniszter,,,ro;hu,,,,,ministru; miniszter,,
nanny,dădacă; lapsehoidja,,,ro;hu,dădacă,,dădacă,,lapsehoidja,,
principal,iskolaigazgató; koolidirektor,,,ro;hu,,iskolaigazgató,,iskolaigazgató,koolidirektor,,
ranger,pargivaht,,,ro;hu,,,,,pargivaht,,
reader,,,,ro;hu,,,,,,,
screener,,,,ro;hu,,,,,,,
sweeper,,,,ro;hu,,,,,,,
valet,inas; toapoiss,,,ro;hu,,,,,inas; toapoiss,,
beveller,teșitor; ferdítő; faasija; beveler,,,ro;hu,teșitor,ferdítő,teșitor,ferdítő,faasija; beveler,,
bleacher,,,,ro;hu,,,,,,,
blower,,,,ro;hu,,,,,,,
boss,șef; főnök; ülemus,,,ro;hu,șef,főnök; ülemus,șef,főnök; ülemus,,,
brander,,,,ro;hu,,,,,,,
burner,,,,ro;hu,,,,,,,
canner,konzerváló; konserveerija,,,ro;hu,,konzerváló,,konzerváló,konserveerija,,
capitalist,kapitalista; kapitalist,,,ro;hu,,,,,kapitalista; kapitalist,,
carrier,,,,ro;hu,,,,,,,
caulker,calafatuitor; tömítő; tihendaja,,,ro;hu,,tömítő,,tömítő,calafatuitor; tihendaja,,
choirmaster,choirmistress,,,ro;hu,,,,,choirmistress,,
chipper,,,,ro;hu,,,,,,,
closer,,,,ro;hu,,,,,,,
colonel,ezredes; kolonel,,,ro;hu,,,,,ezredes; kolonel,,
companion,,,,ro;hu,,,,,,,
coppersmith,aramar; vasesepp; tinichigiu,,,ro;hu,,,,,aramar; vasesepp; tinichigiu,,
dean,decan; dékán; dekaan,,,ro;hu,,dékán,,dékán,decan; dekaan,,
derrickhand,operator de sondă; fúrótorony-kezelő; puurtorni töötaja,,,ro;hu,operator de sondă,fúrótorony-kezelő; puurtorni töötaja,operator de sondă,fúrótorony-kezelő; puurtorni töötaja,,,
digger,,,,ro;hu,,,,,,,
doorman,doorwoman,,,ro;hu,,,,,doorwoman,,
distiller,distilator; párlatkészítő; destilleerija,,,ro;hu,,párlatkészítő,,párlatkészítő,distilator; destilleerija,,
dramaturge,,,,ro;hu,,,,,,,
dyer,värvija,,,ro;hu,,,,,värvija,,
enumerator,recenzor; összeíró; loendaja,,,ro;hu,,összeíró,,összeíró,recenzor; loendaja,,
estimator,becslő,,,ro;hu,,becslő,,becslő,,,
extra,figurant; statiszta; taustanäitleja,,,ro;hu,,,,,figurant; statiszta; taustanäitleja,,
extractor,,,,ro;hu,,,,,,,
fermenter,fermentator; fermentáló; kääritaja,,,ro;hu,,fermentáló,,fermentáló,fermentator; kääritaja,,
firer,,,,ro;hu,,,,,,,
goldsmith,aurar; aranyműves; kullassepp,,,ro;hu,,aranyműves,,aranyműves,aurar; kullassepp,,
groom,îngrijitor de cai; lovász; tallimees,,,ro;hu,îngrijitor de cai,lovász,îngrijitor de cai,lovász,tallimees,,
groundsman,groundswoman,,,ro;hu,,,,,groundswoman,,
gunsmith,armurier; fegyverműves; relvasepp,,,ro;hu,,fegyverműves,,fegyverműves,armurier; relvasepp,,
hand,muncitor manual; kézi munkás; käsitööline,,,ro;hu,,kézi munkás; käsitööline,,kézi munkás; käsitööline,muncitor manual,,
handyperson,om bun la toate; ezermester; meistrimees,,,ro;hu,,,,,om bun la toate; ezermester; meistrimees,,
justice,,,,ro;hu,,,,,,,
jockey,jocheu; zsoké; žoki,,,ro;hu,,zsoké,,zsoké,jocheu; žoki,,
keeper,,,,ro;hu,,,,,,,
locksmith,lăcătuș; lakatosember; lukksepp,,,ro;hu,lăcătuș,,lăcătuș,,lakatosember; lukksepp,,
logger,exploatator forestier; erdőmunkás; metsatööline,,,ro;hu,,erdőmunkás; metsatööline,,erdőmunkás; metsatööline,exploatator forestier,,
masseur,masseuse,,,ro;hu,,,,,masseuse,,
member,,,,ro;hu,,,,,,,
missionary,misionar; misszionárius; misjonär,,,ro;hu,,misszionárius,,misszionárius,misionar; misjonär,,
motorhand,operator de echipamente de foraj; fúrómunkás; puurimistööline,,,ro;hu,,fúrómunkás; puurimistööline,,fúrómunkás; puurimistööline,operator de echipamente de foraj,,
mounter,,,,ro;hu,,,,,,,
negotiator,negociator; tárgyaló; läbirääkija,,,ro;hu,,tárgyaló,,tárgyaló,negociator; läbirääkija,,
neutraliser,neutralizator; semlegesítő; neutraliseerija; neutralizer,,,ro;hu,,semlegesítő,,semlegesítő,neutralizator; neutraliseerija; neutralizer,,
orthotist,ortezist; ortetikus; ortoosimeister,,,ro;hu,,,,,ortezist; ortetikus; ortoosimeister,,
prosthetist,,,,ro;hu,,,,,,,
packer,ambalator; csomagoló; pakkija,,,ro;hu,,csomagoló,,csomagoló,ambalator; pakkija,,
au pair,,,,ro;hu,,,,,,,
paperhanger,tapetar; tapétázó; tapeetija,,,ro;hu,,tapétázó,,tapétázó,tapetar; tapeetija,,
papermaker,hârtier; papírgyártó; paberitootja,,,ro;hu,hârtier,papírgyártó,hârtier,papírgyártó,paberitootja,,
pedagogue,pedagog; pedagoog,,,ro;hu,,,,,pedagog; pedagoog,,
pedicure,,,,ro;hu,,,,,,,
pelletiser,peletizator; pelletizáló; pelletiseerija; pelletizer,,,ro;hu,,pelletizáló,,pelletizáló,peletizator; pelletiseerija; pelletizer,,
person,,,,ro;hu,,,,,,,
pizzaiolo,pizzaszakács; pitsameister; pizzamaker,,,ro;hu,,pizzaszakács,,pizzaszakács,pitsameister; pizzamaker,,
planer,,,,ro;hu,,,,,,,
postman,postwoman,,,ro;hu,,,,,postwoman,,
preparer,,,,ro;hu,,,,,,,
professional,,,,ro;hu,,,,,,,
psychic,clarvăzător; jós; selgeltnägija,,,ro;hu,clarvăzător,jós,clarvăzător,jós,selgeltnägija,,
pusher,,,,ro;hu,,,,,,,
reproducer,,,,ro;hu,,,,,,,
roughneck,muncitor de sondă; olajipari munkás; naftatööline,,,ro;hu,muncitor de sondă,olajipari munkás; naftatööline,muncitor de sondă,olajipari munkás; naftatööline,,,
roustabout,muncitor auxiliar de sondă; olajipari segédmunkás; naftatööstuse abitööline,,,ro;hu,muncitor auxiliar de sondă,olajipari segédmunkás; naftatööstuse abitööline,muncitor auxiliar de sondă,olajipari segédmunkás; naftatööstuse abitööline,,,
sander,,,,ro;hu,,,,,,,
scholar,cercetător; teadlane,,,ro;hu,cercetător,,cercetător,,teadlane,,
sergeant,sergent; őrmester; seersant,,,ro;hu,,őrmester,,őrmester,sergent; seersant,,
servicer,,,,ro;hu,,,,,,,
sewer,,,,ro;hu,,,,,,,
sexer,,,,ro;hu,,,,,,,
shepherd,păstor; juhász; karjus,,,ro;hu,păstor,juhász,păstor,juhász,karjus,,
shipwright,constructor de nave; hajóács; laevaehitaja,,,ro;hu,,hajóács,,hajóács,constructor de nave; laevaehitaja,,
signalperson,semnalist; jelzőőr; signaalimees; signaller,,,ro;hu,,jelzőőr,,jelzőőr,semnalist; signaalimees; signaller,,
silversmith,argintar; ezüstműves; hõbespp,,,ro;hu,,ezüstműves,,ezüstműves,argintar; hõbespp,,
soldier,soldat; katona; sõdur,,,ro;hu,,,,,soldat; katona; sõdur,,
spokesperson,purtător de cuvânt; szóvivő; kõneisik; spokesman; spokeswoman,,,ro;hu,purtător de cuvânt,szóvivő,purtător de cuvânt,szóvivő,kõneisik; spokesman; spokeswoman,,
sprayer,,,,ro;hu,,,,,,,
stagehand,tehnician de scenă; színpadi munkás; lavatehnik,,,ro;hu,tehnician de scenă,színpadi munkás,tehnician de scenă,színpadi munkás,lavatehnik,,
steeplejack,alpinist utilitar; magasban dolgozó; kõrgustöötaja,,,ro;hu,,magasban dolgozó; kõrgustöötaja,,magasban dolgozó; kõrgustöötaja,alpinist utilitar,,
stevedore,docher; kikötői rakodómunkás; sadamatööline,,,ro;hu,,kikötői rakodómunkás; sadamatööline,,kikötői rakodómunkás; sadamatööline,docher,,
stitcher,,,,ro;hu,,,,,,,
stonemason,zidar de piatră; kiviraidur,,,ro;hu,zidar de piatră,,zidar de piatră,,kiviraidur,,
sweep,,,,ro;hu,,,,,,,
switchperson,macagiu; váltókezelő; raudtee pöörmeseadja,,,ro;hu,,váltókezelő; raudtee pöörmeseadja,,váltókezelő; raudtee pöörmeseadja,macagiu,,
taster,degustător; kóstoló; degustaator,,,ro;hu,degustător,kóstoló,degustător,kóstoló,degustaator,,
tier,,,,ro;hu,,,,,,,
treater,,,,ro;hu,,,,,,,
trimmer,,,,ro;hu,,,,,,,
warden,vahimees,,,ro;hu,,,,,vahimees,,
winder,,,,ro;hu,,,,,,,
medium,médiumn; meedium,,,ro;hu,,médiumn,,médiumn,meedium,,
splitter,,,,ro;hu,,,,,,,
