dimension,concept_ids,note
task,service;services;support;help;aide_task;client_task;advisory;relationship,Customer-facing support family
task,sales;presales_task;aftersale_task;trading;advertising,Commercial selling flow
task,teaching;training;learning,Instruction and learning family
task,test;testing;quality;quality_assurance;inspection;screening;sampling;grading;control,Quality checking family
task,maintenance;repair;overhaul;troubleshooting;mechanics_task,Maintenance and repair family
task,care;childcare_task;counselling;treatment;recovery,Care and treatment family
task,administration;administrative;management;operations;coordination;planning;admissions;account;policy,Administrative management family
task,assembly;installation;configuration;integration,Build and setup family
task,manufacturing;production;process;processing;finishing;printing;layout,Production process family
task,research;analysis;documentation;archiving;correspondence,Research and documentation family
task,delivery;driving;handling;transfer;baggage_task;common_carrier_task,Movement and delivery family
task,security;safety;protection;response;rescue;defence_task,Protection and response family
task,program;programme,Programme naming family
knowledge_domain,it_knowledge_domain;ict_knowledge_domain;software_knowledge_domain;programming;computer_knowledge_domain;data_knowledge_domain;technology;telecommunications;iot_knowledge_domain;robotics_knowledge_domain;embedded_knowledge_domain;microelectronics;microsystem_knowledge_domain;cad;system_knowledge_domain;information,Software and computing knowledge family
knowledge_domain,language;languages;speech;speech_and_language;sign_language;foreign_language;translation;communications,Language and communication study family
knowledge_domain,art;arts;music;musical;drama;dance_knowledge_domain;visual;classical;media;media_knowledge_domain;storyboard_knowledge_domain;picture_knowledge_domain;video_knowledge_domain,Arts study family
knowledge_domain,medicine;nursing;pharmacy_knowledge_domain;dentistry_knowledge_domain;midwifery_knowledge_domain;first_aid_knowledge_domain,Clinical knowledge family
knowledge_domain,business;business_studies;marketing;human_resources;public_relations;accounting;economics;tax;securities;budget_knowledge_domain;credit_knowledge_domain;stock_knowledge_domain;brokerage_firm_knowledge_domain,Business and finance study family
knowledge_domain,food_knowledge_domain;beverage_knowledge_domain;coffee_tea_cocoa_knowledge_domain;fruit_knowledge_domain;meat_knowledge_domain;meat_product_knowledge_domain;fish_crustacean_knowledge_domain;mollusc_knowledge_domain;spice_knowledge_domain;sugar_chocolate_knowledge_domain;sugar_confectionery_knowledge_domain;vegetable_knowledge_domain,Food knowledge family
knowledge_domain,textile_knowledge_domain;textile_leather_knowledge_domain;textile_semi_finished_knowledge_domain;footwear_knowledge_domain;leather_good_knowledge_domain;leather_product_knowledge_domain;hide_skin_knowledge_domain;furniture_knowledge_domain;furniture_carpet_knowledge_domain,Materials and crafted goods knowledge family
knowledge_domain,science;biology;chemistry;physics;mathematics;statistics;geology;earth_knowledge_domain,General science family
knowledge_domain,law;compliance;politics_knowledge_domain,Law and governance study family
knowledge_domain,travel;tourism_knowledge_domain;geography;maritime_knowledge_domain,Travel geography family
knowledge_domain,engineering;electronics;electricity_knowledge_domain;hardware_knowledge_domain;machine_tool_knowledge_domain;machinery_knowledge_domain;surface_mount_knowledge_domain;photonics_knowledge_domain,Engineering systems family
knowledge_domain,book_knowledge_domain;magazine_knowledge_domain;newspaper_knowledge_domain;literature_knowledge_domain;literacy,Publishing and literature family
knowledge_domain,media;media_knowledge_domain;podcast_knowledge_domain;radio_knowledge_domain;video_knowledge_domain,Media communication family
knowledge_domain,police_knowledge_domain;crime_knowledge_domain;intelligence_knowledge_domain,Security studies family
industry,bank;banking;finance_industry;financial;insurance;investment;fund_industry;central_bank,Finance industry family
industry,medical;health;healthcare;clinical;pharmaceutical;biomedical;veterinary,Health industry family
industry,educational;academic;vocational;pedagogue_industry;practice_educator_industry,Education industry family
industry,agricultural;agriculture;forestry;aquaculture;fisheries;crop_industry;dairy,Agriculture and fisheries industry family
industry,digital;informatics_industry;technical_industry;electronic;electrical;mechatronics;robot_industry;mobile;big_data_industry;code_industry;industrial;mechanical,Technical industry family
industry,legal;judicial;justice_industry;government;public;political;regulatory;eu,Governance and justice industry family
industry,marine;maritime_water_industry;inland_water_industry;underwater_industry;waterway_industry,Water and marine industry family
industry,army_industry;military;surveillance_industry;emergency_industry;emergency_respons_industry,Defence and security industry family
industry,hospitality;tourism_industry;event,Hospitality and tourism industry family
industry,energy;renewable;green;solar,Energy industry family
industry,fashion;beauty;cultural;sports;photography,Creative consumer industry family
industry,transport;logistics;road;aviation;airline_industry,Mobility and transport industry family
product,computer_product;computers_product;software_product;application_product;applications_product;database_product;network_product;networks_product;system_product;systems_product,Software and application product family
product,device_product;devices_product;equipment_product;hardware_product;screen_product;screens_product;panel_product;panels_product;router_product;circuit_product;circuits_product;battery_product,Device and equipment product family
product,beverage_product;beverages_product;coffee_product;tea_product;coffee_tea_cocoa_product;cocoa_product,Beverage product family
product,food_product;fish_product;seafood_product;crustaceans_product;mollusc_product;meat_product;meat_product_product;fruit_product;vegetable_product;spice_product;sugar_product;sugar_chocolate_product;sugar_confectionery_product;confectionery_product;bakery_product;delicatessen_product,Food product family
product,vehicle_product;vehicles_product;motor_product;light_motor_product;car_product;truck_product;train_product;ship_product;ships_product;vessel_product;aircraft_product;part_product,Transport equipment product family
product,household_product;household_good_product;household_appliance_product;appliances_product;lighting_product,Household product family
product,furniture_product;furniture_carpet_product;carpet_product;timber_product;wood_product,Furniture and wood product family
product,jewellery_product;jewelry_product;watche_product,Jewellery and watch product family
product,textile_product;textiles_product;textile_semi_finished_product;textile_textile_semi_finished_product;clothing_product;footwear_product;shoe_product;leather_product;leather_product_product;hide_skin_product;made_up_product,Textile and leather product family
product,tool_product;tools_product;machine_product;machinery_product;machine_tool_product;instrument_product;instruments_product;engine_product;engines_product;pump_product;meter_product;meters_product,Tools and machinery product family
product,pharmaceutical_product;drugs_product,Medicine product family
product,good_product;goods_product;commodity_product;product_product;products_product;materials_product;raw_product;scrap_product;semi_finished_product;supply_product;tangible_product;other_product,General goods family
product,media_product;multimedia_product;video_product;audio_product,Media product family
product,picture_product;movie_product;press_product;paper_product;stationery_product;leaflet_product,Print and image product family
product,perfume_product;cosmetics_product;soap_product,Beauty chemical product family
product,water_product;gas_product;fuel_product;electricity_product;power_product;battery_product,Utility and energy product family
product,tobacco_product;tobacco_product_product,Smoking product family
work_object,computer_work_object;computers_work_object;computer_software_work_object;software_work_object;application_work_object;applications_work_object;database_work_object;network_work_object;system_work_object;systems_work_object;cloud_work_object;data_work_object;embedded_work_object;web_work_object;router_work_object;user_interface_work_object;database_designer_work_object;database_integrator_work_object;cloud_devop_work_object;cloud_identity_work_object,Software and application work-object family
work_object,device_work_object;devices_work_object;equipment_work_object;hardware_work_object;instrument_work_object;instruments_work_object;screen_work_object;screens_work_object;panel_work_object;panels_work_object;wire_work_object,Device and equipment work-object family
work_object,circuit_work_object;circuits_work_object,Circuit work-object family
work_object,vehicle_work_object;vehicles_work_object;motor_vehicle_work_object;motor_vehicle_part_work_object;cargo_vehicle_work_object;aircraft_work_object;ship_work_object;boat_work_object;train_work_object;tram_work_object;trolley_bus_work_object;tow_truck_work_object;truck_work_object,Vehicle work-object family
work_object,food_work_object;fish_work_object;fruit_work_object;beverage_work_object;cocoa_work_object;confectionery_work_object;furniture_work_object;footwear_work_object;jewellery_work_object;leather_work_object;household_work_object,Common traded work-object family
work_object,food_work_object;fish_work_object;fruit_work_object;meat_work_object;prepared_meat_work_object;pasta_work_object;pastry_work_object;sauce_work_object;street_food_work_object,Food work-object family
work_object,engine_work_object;engines_work_object;machine_work_object;machinery_work_object;tool_work_object;tools_work_object;instrument_work_object;instruments_work_object;pump_work_object;meter_work_object;meters_work_object;sewing_machine,Machine work-object family
work_object,audio_work_object;video_work_object;radio_work_object;camera_work_object;picture_work_object;picture_film_work_object,Media work-object family
work_object,air_work_object;airspace_work_object;drone_work_object;helicopter_work_object;flight_work_object,Aviation work-object family
work_object,cargo_work_object;freight_work_object;container_work_object;hand_luggage_work_object;supply_chain_work_object,Logistics work-object family
work_object,book_work_object;file_work_object;paper_work_object;paper_stationery_work_object;press_work_object;print_work_object;prepress_work_object;script_work_object;record_work_object,Document work-object family
work_object,glass_work_object;fibreglass_work_object;fibre_work_object,Glass and fibre work-object family
work_object,textile_work_object;textile_product_work_object;nonwoven_textile_work_object;textile_pattern_work_object;leather_work_object;leather_good_work_object;leather_good_product_work_object;finished_leather_work_object;footwear_work_object;footwear_product_work_object;shoe_work_object;linen_work_object;thread_work_object,Textile leather and footwear work-object family
work_object,bed_work_object;cabinet_work_object;household_work_object;furniture_work_object;wood_work_object;wood_product_work_object;wooden_furniture_work_object;wicker_furniture_work_object;lumber_work_object;wood_pallet_work_object;engineered_wood_board_work_object,Household furnishing work-object family
venue,center;centre,US UK venue spelling family
venue,harbor;harbour;port;terminal;airport,Port and transit venue family
venue,theater;theatre;stage;studio;arena;hall,Performance venue family
venue,school;primary_school;secondary_school;university;academy;campus,Education venue family
venue,clinic;hospital;lab;laboratory,Healthcare and lab venue family
venue,hotel;hostel;resort;restaurant;bar;club,Hospitality venue family
venue,shop;market;supermarket_venue,Commerce venue family
venue,factory;plant;workshop_venue;warehouse;site;mill;mine;yard,Production venue family
venue,house;home;shelter,Residential venue family
venue,farm;garden;vineyard;zoo;park;hatchery,Land and animal venue family
population,adolescent;adolescents;youth,Adolescent population family
population,adult;adults,Adult population family
population,animal;animals;pet;pets;livestock;equine,Animal population family
population,child;children;infant;infants;early_years_population,Early-age population family
population,customer;customers;guest;guests,Customer and guest population family
population,tourist;tourists,Traveller population family
population,human;humans;people;person;persons,Human population family
population,passenger;passengers,Passenger population family
population,patient;patients,Care-recipient population family
population,pupil;pupils;student;students,Education population family
channel,call;phone;telephone;call_centre;help_desk;telemarketing,Direct contact channel family
channel,retail;wholesale;distribution,Commerce channel family
channel,after_sales;presales_channel,Sales stage channel family
channel,online;e_learning;broadcast,Remote delivery channel family