family_node_id	family_label	role_heads	authority_levels	venue	channel	product	population	task	industry	knowledge_domain	work_object	residual_policy
14659	Commissioned Armed Forces Officers	brigadier|captain|colonel|commander|general|leader|lieutenant|major|officer	none					armed_force_task	army_industry|aviation|military|transport		air_force_work_object|artillery_work_object|navy_work_object|squadron_work_object	specific
14662	Non Commissioned Armed Forces Officers	corporal|officer|sergeant|specialist	none|supervisor						army_industry|aviation|force_industry|military|transport	warfare_knowledge_domain		specific
14665	Armed Forces Occupations Other Ranks	engineer|interceptor|pilot|soldier|technician	none					repair	aviation|disposal_industry|military|transport	communications|intelligence_knowledge_domain	air_force_work_object|bomb_work_object	specific
14669	Legislators And Senior Officials	ambassador|commissioner|consul|councillor|counsellor|diplomat|general|governor|manager|mayor|member|minister|official|secretary|senator	chief|director|manager|none	office				administration|parliament_task	central_bank|government|interest_group_industry|public		embassy_work_object|state_work_object	specific
14674	Managing Directors And Chief Executives	chief|director|entrepreneur|executive|manager|officer	chief|director|manager	airport|facility			animal	employment_task|operating_task|service	corporate|public|social			specific
14677	Business Services And Administration Managers	administrator|coordinator|director|manager|officer|treasurer	manager|none	department|facility|factory|office|plant				acquisition_task|administration|defence_task|employee_task|equality_task|gambling_task|inclusion_task|manufacturing|planning|policy|procurement_task|programme|project|quality|safety|security|service|services|talent_task|training|treatment|volunteering_task	bank|chemical|corporate|environmental|eu|financial|health|responsibility_industry|social|strategic_industry	accounting|business|compliance|human_resources|information|tourism_knowledge_domain	branch_work_object|foundry_work_object|sustainability_work_object|volunteer_work_object	specific
14682	Sales Marketing And Development Managers	chief|director|manager|officer	manager|none	house	channel_channel|online		customers	advertising|aftersale_task|auction_task|clothing_task|communication_task|destination_task|development|innovation_task|licensing_task|promotion_task|research|sales|service	banking|category_industry|commercial|digital|insurance	business|communications|ict_knowledge_domain|marketing|public_relations|tourism_knowledge_domain	bid_work_object|brand_work_object|motor_vehicle_aftersale_work_object	specific
14687	Production Managers In Agriculture Forestry And Fisheries	forester|manager	manager|none	farm|site				harvesting_task|husbandry|production	agriculture|aquaculture|fisheries|forestry		forest_work_object	specific
14690	Manufacturing Mining Construction And Distribution Managers	contractor|coordinator|developer|director|distributor|general|manager|officer|superintendent	manager|none	airport|department|mine|office|plant|railway|site|warehouse	distribution	movie_product	animal|animals	clothing_task|division_task|equipment_task|export|finishing|heating_task|import|leather_wet_task|lighting_task|machine_task|management|manufacturing|operations|plumbing_task|processing|production|purchasing_task|quality|station_task	agricultural|agriculture|aviation|chemical|civil|coffee_industry|construction|dairy|electrical|electronic|green|industrial|inland_water_industry|intermodal_industry|leather_raw_industry|live_industry|logistics|maritime_water_industry|metal_industry|metallurgical_industry|mining|peripheral_industry|pharmaceutical|road|specialised|transport	engineering|telecommunications	confectionery_work_object|finished_leather_work_object|forecast_work_object|move_work_object|property_work_object|sewerage_system_work_object|supply_chain_work_object	specific
14695	Information And Communications Technology Service Managers	chief|manager|officer|vendor	chief|manager	centre|office				documentation|operations|project|relationship|service|support|transformation_task	digital|environmental	ict_knowledge_domain|information|it_knowledge_domain|technology|telecommunications		specific
14697	Professional Services Managers	administrator|chief|coordinator|dean|director|head|headteacher|manager|officer|principal|professional|publisher|teacher	director|manager|none	centre|court|department|facility|home|house|laboratory|office|primary_school|school|secondary_school|university			child|elderly|special_educational_needs|youth	airside_task|care|coordination|day_task|document_task|education_task|housing_task|institution_task|interpretation_task|management|pension_task|programme|protection|rescue|safety|scheme_task|service|services	artistic_industry|aviation|bank|claim_industry|clinical|code_industry|commercial|correctional|energy|environmental|finance_industry|informatics_industry|insurance|legal|library_industry|medical|public|social|sports|surveillance_industry	art|brokerage_firm_knowledge_domain|communications|deputy_knowledge_domain|museum_knowledge_domain|nursery_knowledge_domain|translation	airspace_work_object|credit_union_work_object|faculty_work_object|front_work_object	specific
14706	Hotel And Restaurant Managers	manager	manager	hotel|restaurant|room			guests	accommodation_task|division_task|entertainment_task	hospitality		shift_work_object	specific
14709	Retail And Wholesale Trade Managers	hand|manager	manager	department|garden|kitchen|shop|supermarket_venue	retail		customers|pet	account|ammunition_task|building|clothing_task|equipment_task|sales|sporting_task|station_task|telecommunication_task	automotive|domestic_industry|medical|optical_industry|orthopaedic_industry|photography|press_industry|regional_industry|store_industry	audiology_knowledge_domain|music|telecommunications	antique_work_object|bathroom_work_object|computer_software_work_object|confectionery_work_object|craft_work_object|drugstore_work_object|second_work_object	specific
14711	Other Services Managers	curator|director|manager|operator	director|manager|none	centre|facility|laundry|salon|zoo	call_centre		customers|tourist	betting_task|camping_task|cleaning|gambling_task|performance|production|services	beauty|cultural|recreational_industry|sports|transport	information|travel	garage_work_object|spa_work_object|tour_work_object	residual_when_no_specific_family
14716	Physical And Earth Science Professionals	astronomer|chemist|climatologist|cosmologist|forecaster|geochemist|geologist|geophysicist|hydrogeologist|hydrologist|logger|meteorologist|metrologist|mineralogist|oceanographer|palaeontologist|physicist|scientist|seismologist|specialist|tester	none	laboratory|mine				application_task|exploration_task|research|test	analytical_industry|aviation|chemical|cosmetic_industry|environmental|physical|sensory_industry	chemistry|geology|science	fragrance_work_object	specific
14721	Mathematicians Actuaries And Statisticians	biometrician|consultant|demographer|developer|engineer|mathematician|statistician	none	office				gambling_task|quality_assurance	actuarial	mathematics|science|statistics		specific
14723	Life Science Professionals	adviser|agronomist|analyst|behaviourist|biochemist|biologist|biophysicist|biotechnologist|botanist|consultant|coordinator|curator|ecologist|epidemiologist|geneticist|immunologist|manager|microbiologist|nutritionist|officer|pharmacologist|physiologist|scientist|specialist|technician|toxicologist	none	airport|farm|laboratory|site			animal|animals|livestock	conservation_task|environment_task|horticulture_task|monitoring_task|nature_task|pollution_task|programme|project|quality|recirculation_task|research	agricultural|agriculture|aquaculture|aviation|botanical_industry|environmental|fisheries|forestry|marine|natural_industry	air_knowledge_domain|biology|resource_knowledge_domain|resources_knowledge_domain|science|water_knowledge_domain	bioinformatics_work_object|countryside_work_object|groundwater_work_object	specific
14727	Engineering Professionals Excluding Electrotechnology	architect|assayer|bioengineer|brewmaster|consultant|designer|engineer|expert|manager|master|metallurgist|nanoengineer|oenologist|planner|researcher|specialist|surveyor|technologist	none	airport|mine|office|plant|railway|site	distribution			automation_task|calculation_task|clothing_task|commissioning_task|conditioning_task|design|development|dismantling_task|drilling_task|driving|heating_task|homologation_task|innovation_task|installation|maintenance|manufacturing|packaging_task|packing_task|planning|precision_task|prevention_task|process|processing|production|project|protection|quality|recycling_task|repair|research|rotating_task|safety|test|tooling_task|treatment|ventilation_task|welding	acoustical|agricultural|alternative_industry|automotive|aviation|biochemical_industry|biomedical|chemical|civil|construction|energy|environmental|geological_industry|geotechnical_industry|geothermal_industry|health|industrial|logistics|marine|mechanical|mechatronics|mineral_industry|mining|naval_industry|nuclear|optical_industry|optomechanical_industry|pharmaceutical|renewable|road|solar|synthetic|thermal_industry|transport	aerodynamics|aerospace|autonomou_knowledge_domain|compliance|engineering|footwear_knowledge_domain|technology|textile_leather_knowledge_domain	air_work_object|application_work_object|component_work_object|container_work_object|contract_work_object|dependability_work_object|drainage_work_object|engine_work_object|equipment_work_object|fire_work_object|fluid_power_work_object|food_work_object|fuel_work_object|gas_work_object|ground_work_object|hydropower_work_object|leather_good_work_object|liquid_fuel_work_object|machinery_work_object|materials_work_object|offshore_work_object|onshore_wind_work_object|paper_work_object|patent_work_object|petroleum_work_object|photonics_work_object|pipeline_work_object|powertrain_work_object|quantity_work_object|quarry_work_object|rail_work_object|robotics_work_object|steam_work_object|surface_work_object|systems_work_object|tool_work_object|waste_work_object|wastewater_work_object|water_based_work_object|wood_work_object	specific
14735	Electrotechnology Engineers	analyst|designer|engineer|expert	none	home|laboratory|mine|office|plant	distribution			design|generation_task|instrumentation_task|maintenance|manufacturing|simulation_task|substation_task|test	electric_industry|electrical|electromagnetic_industry|electromechanical_industry|electronic|medical|optoelectronic_industry|predictive_industry	electronics|language|microelectronics|telecommunications	battery_work_object|circuit_work_object|computer_work_object|device_work_object|flight_work_object|hardware_work_object|integrated_work_object|materials_work_object|microsystem_work_object|power_work_object|satellite_work_object|sensor_work_object|smart_work_object|system_work_object	specific
14739	Architects Planners Surveyors And Designers	animator|architect|artist|cartographer|colourist|consultant|designer|developer|illustrator|maker|manager|model|modeller|planner|publisher|specialist|surveyor|technician	none	mine|office|site|studio			special_population	animation_task|clothing_task|design|gambling_task|layout|lighting_task|mobility_task|performance|services|stop_motion_task	automotive|cadastral_industry|digital|fashion|graphic_industry|hydrographic_industry|industrial|interior|road|transport	3d_knowledge_domain|data_knowledge_domain|effect_knowledge_domain|media_knowledge_domain|motion_knowledge_domain|smart_city_knowledge_domain|stop_knowledge_domain|video_knowledge_domain	land_work_object|landscape_work_object|leather_good_product_work_object|textile_product_work_object|urban_work_object	specific
14747	Medical Doctors	doctor|general|practitioner|specialist	none	clinic|hospital			patient		healthcare|specialised	medicine		specific
14750	Nursing And Midwifery Professionals	assistant|general|midwife|nurse|practitioner|specialist	none	clinic|hospital			infant|patient	care|support	advanced_industry|healthcare|medical	nursing		specific
14753	Traditional And Complementary Medicine Professionals	acupuncturist|aromatherapist|homeopath|therapist	none	clinic			patient	care	complementary_industry	medicine|traditional_chinese_medicine_knowledge_domain		specific
14757	Veterinarians	chiropractor|general|hydrotherapist|official|osteopath|physiotherapist|professional|scientist|therapist|veterinarian	none	clinic|facility|farm			animal	care	aquatic_industry|health|specialised|veterinary	medicine	massage_work_object	specific
14759	Other Health Professionals	assistant|audiologist|chiropractor|coordinator|cytotechnologist|dentist|dietitian|ergonomist|examiner|expert|hygienist|kinesiologist|nutritionist|officer|optometrist|orthoptist|osteopath|pharmacist|physiotherapist|podiatrist|practitioner|professional|psychologist|psychotherapist|radiographer|scientist|specialist|technician|therapist	none	clinic|hospital|laboratory|office			animal|patient	protection|quality|radiation_task|response|safety	advanced_industry|anatomical|biomedical|clinical|dental_industry|diagnostic_industry|educational|emergency_industry|health|industrial|medical|nuclear|occupational|pharmaceutical|prepared_industry|recreational_industry	art|food_knowledge_domain|language|medicine|music|pathology_knowledge_domain|physics|science|speech	assisted_work_object|orthotics_work_object|pharmacy_work_object|podiatry_work_object	residual_when_no_specific_family
14769	University And Higher Education Teachers	assistant|educator|instructor|lecturer|specialist|teacher	none	school|theatre|university			student	education_task|journalism|performing_task|research|teaching|work	academic|educational|healthcare|practice_industry|social|veterinary	anthropology_knowledge_domain|archaeology_knowledge_domain|architecture_knowledge_domain|art|arts|biology|business|chemistry|classical|communications|computer_knowledge_domain|dance_knowledge_domain|dentistry_knowledge_domain|earth_knowledge_domain|economics|engineering|fine_knowledge_domain|food_knowledge_domain|higher_knowledge_domain|history|languages|law|linguistics_knowledge_domain|literature_knowledge_domain|mathematics|medicine|modern_knowledge_domain|music|nursing|pharmacy_knowledge_domain|philosophy|physics|politics_knowledge_domain|psychology|science|sociology_knowledge_domain|space_knowledge_domain|studies		specific
14771	Vocational Education Teachers	firefighter|instructor|officer|teacher|trainer	none	centre|laboratory|railway|school			student	administration|armed_force_task|automation_task|design|driving|education_task|hairdressing_task|service|training	agriculture|aquaculture|auxiliary_industry|aviation|beauty|educational|energy|forestry|hospitality|industrial|medical|occupational|physical|transport|vocational	arts|business|cabin_crew_knowledge_domain|electricity_knowledge_domain|electronics|food_knowledge_domain|maritime_knowledge_domain|marketing|midwifery_knowledge_domain|nursing|police_knowledge_domain|technology|tourism_knowledge_domain|travel		specific
14773	Secondary Education Teachers	teacher	none	school|secondary_school			adolescent|student	education_task	educational|physical	art|at_knowledge_domain|biology|business_studies|chemistry|classical|drama|economics|geography|history|ict_knowledge_domain|languages|literature_knowledge_domain|mathematics|modern_knowledge_domain|music|philosophy|physics|science		specific
14775	Primary School And Early Childhood Teachers	teacher	none	primary_school|school			child|early_years_population|pupil	care		freinet_knowledge_domain|montessori_knowledge_domain|steiner_knowledge_domain		specific
14778	Other Teaching Professionals	administrator|adviser|architect|assessor|coach|coordinator|counsellor|designer|developer|inspector|instructor|mentor|officer|researcher|teacher|technologist|trainer|tutor	none	centre|primary_school|prison|school|secondary_school|university	e_learning		adult|early_years_population|educational_population|special_educational_needs|student|students	admissions|education_task|learning|prior_task|speaking_task|support	academic|assistive_industry|digital|educational|instructional_industry|photography|public	arts|dance_knowledge_domain|drama|further_knowledge_domain|gifted_knowledge_domain|ict_knowledge_domain|itinerant_knowledge_domain|language|literacy|music|public_knowledge_domain|sign_language|talented_knowledge_domain|visual	curriculum_work_object	residual_when_no_specific_family
14787	Finance Professionals	accountant|adviser|analyst|assistant|auditor|banker|capitalist|controller|examiner|investor|manager|officer|planner|supervisor|trustee|valuer	none|manager	office				acquisition_task|control|funding_task|management|programme|rating_task|relationship|risk	banking|corporate|finance_industry|financial|fraud_industry|fund_industry|insurance|investment|personal_industry|public|trust_industry	accounting|budget_knowledge_domain|business|compliance|cost_knowledge_domain|dividend_knowledge_domain|merger_knowledge_domain|middle_knowledge_domain|relations_knowledge_domain|securities|tax	audit_work_object	specific
14791	Administration Professionals	administrator|adviser|analyst|assistant|coach|consultant|coordinator|estimator|inspector|manager|officer|professional|specialist|trainer	none	market|office			community_population	administrative|affairs|building|compensation_task|competition_task|development|education_task|employment_task|evaluation_task|housing_task|immigration_task|integration|labour_task|manufacturing|modelling_task|monitoring_task|planning|policy|process|procurement_task|programme|recreation_task|recruitment_task|service|services	agricultural|category_industry|civil|corporate|cultural|environmental|fiscal_industry|government|health|healthcare|international_industry|legal|logistics|occupational|parliamentary_industry|political|public|regional_industry|social|sports|vocational	business|foreign|human_resources|information|public_knowledge_domain|relations_knowledge_domain	career_guidance_work_object|humanitarian_work_object|lean_work_object	specific
14796	Sales Marketing And Public Relations Professionals	agent|analyst|assistant|buyer|canvasser|consultant|copywriter|developer|director|engineer|manager|marketer|officer|planner|professional|representative|specialist|spokesperson|technician	none	market|office	after_sales|online|presales_channel	equipment_product|hardware_product|industry_product|machinery_product|media_product|products_product|textile_product	community_population|customer|customers	account|advertising|affairs|branding_task|client_task|communication_task|development|election_task|employer_task|fundraising_task|heating_task|plumbing_task|pricing_task|promotion_task|research|sales|service|services|technical_task	agricultural|campaign_industry|chemical|construction|creative_industry|electronic|energy|hospitality|intercultural_industry|medical|mining|party_industry|political|public|renewable|revenue_industry|solar	business|communications|ict_knowledge_domain|marketing|media|public_knowledge_domain|public_relations|relations_knowledge_domain|telecommunications	activism_work_object|brand_work_object|ebusiness_work_object|experience_work_object	specific
14802	Software And Applications Developers And Analysts	analyst|architect|auditor|configurator|consultant|designer|developer|engineer|expert|manager|programmer|scientist|specialist|tester	none|manager	centre|office				accessibility|analysis|configuration|control|design|integration|optimisation_task|process|quality|quality_assurance|recovery|research|search_engine_task|test|usability|vision_task	artificial|digital|green|industrial|mobile|numerical_industry	business|data_knowledge_domain|disaster_knowledge_domain|ict_knowledge_domain|iot_knowledge_domain|it_knowledge_domain|programming|software_knowledge_domain|system_knowledge_domain|user_experience_knowledge_domain	application_work_object|blockchain_work_object|cloud_identity_work_object|cloud_work_object|computer_work_object|data_work_object|devices_work_object|embedded_work_object|enterprise_work_object|intelligence_work_object|software_work_object|system_work_object|systems_work_object|tool_work_object|user_interface_work_object|web_content_work_object|web_work_object	specific
14808	Database And Network Professionals	administrator|architect|chief|configurator|designer|developer|engineer|expert|hacker|integrator|manager|officer|planner|professional|responder|specialist	none|manager	centre|office|warehouse				cybersecurity_task|design|risk|security|support	digital|ethical|forensics_industry	ict_knowledge_domain	computer_work_object|database_work_object|embedded_work_object|knowledge_work_object|network_work_object|system_work_object|systems_work_object	specific
14814	Legal Professionals	consultant|coordinator|coroner|drafter|judge|lawyer|manager|mediator|notary|observer|officer|ombudsman|professional|prosecutor	none	court|office			human	affairs|election_task|protection|right_task	corporate|judicial|legal|legislative_industry|regulatory	compliance	jury_work_object|supreme_work_object	specific
14818	Librarians Archivists And Curators	archivist|conservator|curator|librarian|manager|registrar|scientist	none	zoo				collection_task|exhibition_task|services	archive_industry|cultural|visitor_industry	information		specific
14821	Social And Religious Professionals	adviser|analyst|anthropologist|archaeologist|chaplain|consultant|coordinator|counsellor|criminologist|economist|genealogist|geographer|historian|justice|minister|missionary|officer|pedagogue|philosopher|professional|researcher|scientist|sociologist|supervisor|worker	none	hospital			adult|child|community_population|youth	addiction_task|alcohol_task|bereavement_task|care|communication_task|development|drug_task|education_task|employment_task|offending_task|planning|policy|probation_task|rehabilitation_task|research|situation_task|support|victim_task|work	behavioural_industry|clinical|criminal_industry|crisis_industry|economic|family_industry|health|mental|migrant_industry|military|palliative_industry|political|scientific|sexual_industry|social|team_industry|violence_industry|welfare	business|communications|economics|gerontology_knowledge_domain|information|media|religion_knowledge_domain|science|tax|thanatology_knowledge_domain	benefit_advice_work_object|homelessness_work_object|marriage_work_object|substance_misuse_work_object	specific
14828	Authors Journalists And Linguists	blogger|checker|chief|columnist|communicator|correspondent|critic|dramaturge|editor|graphologist|interpreter|journalist|lawyer|lexicographer|linguist|localiser|lyricist|photojournalist|scholar|speechwriter|subtitler|translator|vlogger|writer	none|chief	office	broadcast			entertainment_task|technical_task	literary_industry|medical|political|sports	book_knowledge_domain|business|copy_knowledge_domain|crime_knowledge_domain|foreign|language|magazine_knowledge_domain|media|new_knowledge_domain|newspaper_knowledge_domain|picture_knowledge_domain|sign_language	script_work_object	specific
14832	Creative And Performing Artists	actor|actress|administrator|anchor|animator|arranger|artist|cartoonist|ceramicist|choirmaster|choreographer|choreologist|comedian|composer|conductor|dancer|describer|designer|director|editor|jockey|musician|painter|performer|presenter|printmaker|producer|puppeteer|repetiteur|restorer|sculptor|singer|stand-in|supervisor	none	stage|studio|theatre			tourist	animation_task|casting_task|drawing_task|lighting_task|performance|post_production_task|post_task|production|technical_task	artistic_industry|conceptual_industry|educational|photography	art|arts|community_knowledge_domain|glass_knowledge_domain|motion_knowledge_domain|music|musical|picture_knowledge_domain|podcast_knowledge_domain|radio_knowledge_domain|sound_knowledge_domain|storyboard_knowledge_domain|street_knowledge_domain|variety_knowledge_domain|video_knowledge_domain|voice_over_knowledge_domain	stand_work_object	specific
14842	Physical And Engineering Science Technicians	analyst|assessor|assistant|chromatographer|consultant|controller|coordinator|designer|developer|drafter|geotechnician|inspector|manager|officer|operator|supervisor|surveyor|technician|tester	none	airport|lab|laboratory|mine|plant|railway|site				automation_task|building|calibration_task|clothing_task|commissioning_task|condition_task|conditioning_task|conservation_task|corrosion_task|desalination_task|design|development|heating_task|instrumentation_task|maintenance|manufacturing|printing|process|production|protection|quality|quality_assurance|radiation_task|refrigeration_task|safety|sampling|sensing_task|surveying_task|tanning_task|test|testing|ventilation_task|welding	additive_industry|architectural|automotive|aviation|chemical|civil|construction|domestic_industry|electrical|electromechanical_industry|energy|hydrographic_industry|industrial|marine|material_industry|mechanical|mechatronics|medical|metal_industry|metallurgical_industry|nuclear|optoelectronic_industry|optomechanical_industry|physical|pneumatic_industry|renewable|road|transport	aerospace|cad|chemistry|compliance|electronics|engineering|food_knowledge_domain|geology|meteorology_knowledge_domain|metrology_knowledge_domain|microelectronics|physics|science|stress_knowledge_domain	3d_work_object|aided_work_object|air_work_object|aircraft_work_object|asphalt_work_object|avionics_work_object|battery_work_object|bridge_work_object|colour_work_object|computer_work_object|device_work_object|engine_work_object|fire_work_object|food_work_object|footwear_product_work_object|footwear_work_object|hardware_work_object|hazardou_waste_work_object|heat_work_object|hydropower_work_object|infrastructure_work_object|landfill_work_object|leather_good_work_object|leather_work_object|materials_work_object|microsystem_work_object|motor_vehicle_work_object|offshore_work_object|photonics_work_object|product_work_object|pump_work_object|rail_work_object|remote_work_object|robotics_work_object|sensor_work_object|sewerage_work_object|soil_work_object|systems_work_object|textile_work_object|utility_work_object|vessel_work_object|water_based_work_object	specific
14852	Mining Manufacturing And Construction Supervisors	carpenter|finisher|general|leader|manager|operator|paperhanger|planner|setter|sewer|supervisor|technician	supervisor|none	house|mill|mine|plant|railway|site|studio			animal	assembly|bricklaying_task|conservation_task|demolition_task|dismantling_task|dredging_task|equipment_task|installation|instrument_task|insulation_task|maintenance|management|manufacturing|mechanics_task|painting|plastering_task|plumbing_task|precision_task|processing|production|roofing_task|scaffolding_task|tiling_task	automotive|aviation|chemical|construction|dairy|electrical|industrial|ironwork_industry|metal_industry|mining|optical_industry|plastic_industry|road|structural_industry|underwater_industry	electronics	crane_crew_work_object|distillery_work_object|machine_work_object|malt_work_object|power_line_work_object|shift_work_object|water_based_work_object	specific
14856	Process Control Technicians	controller|distributor|manager|operator|supervisor|technician	none	farm|plant|room		power_product		assembly|clothing_task|control|process|processing|production|separation_task|station_task|transmission_task|treatment	chemical|electrical|energy|geothermal_industry|hydroelectric_industry|industrial|metal_industry|nuclear|renewable|robot_industry|solar		air_work_object|automated_work_object|bioga_work_object|fossil_fuel_power_work_object|furnace_work_object|gas_work_object|incinerator_work_object|line_work_object|liquid_waste_work_object|offshore_work_object|oil_refinery_work_object|onshore_wind_work_object|petroleum_work_object|power_work_object|pulp_work_object|pump_work_object|reactor_work_object|refinery_shift_work_object|solid_waste_work_object|steam_turbine_work_object|system_work_object|systems_work_object|wastewater_work_object|water_based_work_object	specific
14863	Life Science Technicians And Related Associate Professionals	adviser|supervisor|technician	none	farm|laboratory|site			animals	quality|test	agricultural|agriculture|aquaculture|biotechnical_industry|botanical_industry|forestry|scientific	bacteriology_knowledge_domain|biology|zoology_knowledge_domain	biochemistry_work_object|viticulture_work_object	specific
14867	Ship And Aircraft Controllers And Technicians	assistant|astronaut|captain|chief|controller|engineer|helmsman|inspector|instructor|officer|pilot|skipper|specialist|technician	none|chief	airport|port			passengers	control|maintenance|safety|service	aeronautical_industry|airline_industry|aviation|commercial|fisheries|marine|private|transport	engineering|flight_knowledge_domain|information	aircraft_work_object|airspace_work_object|co_work_object|deck_work_object|drone_work_object|duty_work_object|helicopter_work_object|second_work_object|ship_work_object	specific
14874	Medical And Pharmaceutical Technicians	assistant|orthotist|prosthetist|scientist|technician|therapist	none	clinic|hospital|laboratory			patient	perfusion_task|radiation_task|test	clinical|medical|pharmaceutical|trial_industry	audiology_knowledge_domain		specific
14879	Nursing And Midwifery Associate Professionals	worker	assistant|none	clinic|hospital			infant|patient	care|maternity_task|support	healthcare	nursing		specific
14882	Traditional And Complementary Medicine Associate Professionals	therapist	none	clinic			patient	support	herbal_industry	medicine		specific
14884	Veterinary Technicians And Assistants	assistant|nurse|technician|therapist	assistant|none	clinic|facility|farm			animal|equine	insemination_task|transfer	alternative_industry|artificial|dental_industry|health|veterinary		embryo_work_object	specific
14886	Other Health Associate Professionals	administrator|adviser|assistant|clerk|coder|coordinator|doctor|driver|inspector|instructor|manager|optician|paramedic|practitioner|psychologist|screener|sophrologist|technician|tester|therapist|worker	assistant|none	clinic|hospital|office			community_population|patient	archiving|care|communication_task|list_task|safety|support|test|waiting_task	anaesthetic|chairside_industry|chiropractic_industry|clinical|dental_industry|dietetic_industry|emergency_industry|environmental|health|healthcare|industrial|medical|occupational|optical_industry|regulatory|respiratory_industry|transport	communications|first_aid_knowledge_domain|psychology	covid_work_object|emergency_ambulance_work_object|food_work_object|hazardou_waste_work_object|massage_work_object|materials_work_object|physiotherapy_work_object|picture_work_object|shiatsu_work_object|systems_work_object|therapy_work_object|waste_work_object	residual_when_no_specific_family
14897	Financial And Mathematical Associate Professionals	adjuster|administrator|adviser|analyst|appraiser|assistant|bookkeeper|broker|coordinator|gemmologist|handler|investigator|manager|officer|specialist|surveyor|trader|underwriter	none	office		exchange_product|future_product|stock_product	student	account|risk|support	actuarial|bank|banking|claim_industry|energy|estate_industry|finance_industry|financial|fraud_industry|fund_industry|insurance|mutual_industry|personal_industry|real_industry|statistical_industry	accounting|credit_knowledge_domain|foreclosure_knowledge_domain|foreign|securities|statistics	asset_work_object|grant_work_object|loan_work_object|mortgage_loan_work_object|mortgage_work_object	specific
14903	Sales And Purchasing Agents And Brokers	agent|broker|buyer|carrier|consultant|merchandiser|merchant|planner|purchaser|representative|shipbroker|trader|underwriter	none	market|office|plant	wholesale	aircraft_product|beverages_product|china_product|clothing_product|coffee_product|coffee_tea_cocoa_product|commodity_product|computer_product|cosmetics_product|costume_product|edible_oil_product|electricity_product|equipment_product|fish_crustacean_product|flowers_product|food_product|footwear_product|fruit_product|furniture_carpet_product|furniture_product|glassware_product|goods_product|hardware_product|hide_skin_product|household_appliance_product|household_good_product|jewellery_product|leather_product_product|lighting_product|machine_tool_product|machinery_product|materials_product|meat_product|meat_product_product|other_glassware_product|part_product|perfume_product|pharmaceutical_product|products_product|raw_product|scrap_product|ships_product|software_product|standalone_product|sugar_chocolate_product|sugar_confectionery_product|supply_product|textile_industry_machinery_product|textile_semi_finished_product|textiles_product|timber_product|tobacco_product_product|vegetable_product|waste_product|wood_product	animal|animals|customers	heating_task|non_vessel_task|operating_task|plumbing_task|risk|sales|set|sourcing_task	agricultural|agriculture|chemical|civil|commercial|construction|dairy|electrical|electronic|energy|green|insurance|live_industry|metal_industry|mining|peripheral_industry|public|renewable	engineering|ict_knowledge_domain|public_knowledge_domain|telecommunications|textile_knowledge_domain	purchase_work_object	specific
14908	Business Services Agents	agent|assistant|auctioneer|closer|consultant|coordinator|director|investor|manager|negotiator|officer|planner|programmer|promoter|specialist	none	office|plant			animal|animals	acquisition_task|advertising|clothing_task|employment_task|equipment_task|export|forwarding_task|heating_task|housing_task|import|leasing_task|letting_task|lighting_task|operations|plumbing_task|publishing_task|relocation_task|right_task|sales|services|shipping_task|talent_task|wedding_task	agricultural|agriculture|chemical|civil|construction|dairy|electrical|electronic|estate_industry|event|industrial|intellectual_industry|international_industry|live_industry|logistics|metal_industry|mining|peripheral_industry|pharmaceutical|real_industry	aircraft_knowledge_domain|business|china_knowledge_domain|coffee_tea_cocoa_knowledge_domain|cosmetics_knowledge_domain|edible_oil_knowledge_domain|engineering|fish_crustacean_knowledge_domain|food_knowledge_domain|footwear_knowledge_domain|fruit_knowledge_domain|furniture_carpet_knowledge_domain|furniture_knowledge_domain|hardware_knowledge_domain|hide_skin_knowledge_domain|household_appliance_knowledge_domain|household_good_knowledge_domain|jewellery_knowledge_domain|leather_product_knowledge_domain|machine_tool_knowledge_domain|machinery_knowledge_domain|meat_knowledge_domain|meat_product_knowledge_domain|other_glassware_knowledge_domain|perfume_knowledge_domain|property_knowledge_domain|raw_knowledge_domain|scrap_knowledge_domain|software_knowledge_domain|sugar_chocolate_knowledge_domain|sugar_confectionery_knowledge_domain|telecommunications|textile_industry_machinery_knowledge_domain|textile_semi_finished_knowledge_domain|tobacco_product_knowledge_domain|tourism_knowledge_domain|vegetable_knowledge_domain|venue_knowledge_domain|waste_knowledge_domain|wood_knowledge_domain	custom_work_object|excise_work_object	specific
14919	Regulatory Government Associate Professionals	administrator|adviser|detective|hand|inspector|investigator|observer|officer	none	office|passport_venue|site				gaming_task|immigration_task|licensing_task|pension_task|security	agricultural|criminal_industry|fisheries|forestry|government|marine|social	compliance|tax	cargo_work_object|consumer_right_work_object|custom_work_object|freight_work_object|measure_work_object|police_work_object|weight_work_object	specific
14927	Legal Social And Religious Associate Professionals	administrator|assistant|bailiff|clerk|coach|detective|guardian|justice|mentor|monk|nun|officer|operator|worker	none	court|home			adult|child|community_population|people	administrative|care|childcare_task|disability_task|enforcement_task|foster_task|housing_task|support|work	educational|family_industry|health|legal|mental|older_industry|pastoral_industry|private|residential_industry|social|store_industry|welfare|young_industry	life_knowledge_domain	case_work_object|conveyance_work_object|crisis_helpline_work_object|peace_work_object|volunteer_work_object	specific
14931	Sports And Fitness Workers	animator|assistant|athlete|attendant|coach|coordinator|guide|instructor|leader|official|teacher|therapist|trainer|worker	none	facility			children	boxing_task|ice_skating_task|riding_task|swimming_task	artistic_industry|personal_industry|specialised|sports|survival_industry	fitness_knowledge_domain|football_knowledge_domain|golf_knowledge_domain|horse_knowledge_domain|ice_knowledge_domain|lifeguard_knowledge_domain|outdoor_activity_knowledge_domain|outdoor_knowledge_domain|pilate_knowledge_domain|ski_knowledge_domain|snowboard_knowledge_domain|tenni_knowledge_domain	activity_work_object|leisure_work_object|mountain_work_object	specific
14935	Artistic Cultural And Culinary Associate Professionals	artist|assistant|attendant|builder|designer|director|dresser|engineer|extra|handler|head|librarian|machinist|maker|manager|master|merchandiser|operator|painter|performer|photographer|planner|prompter|pyrotechnician|stand-in|supervisor|taxidermist|technician	none	bar|kitchen|stage|studio|theatre|workshop_venue				broadcasting_task|flying_task|integration|lighting_task|location_task|miniature_task|performance|production|programme|pyrotechnics_task|set|support	archive_industry|big_data_industry|interior|scenic_industry	art|arts|body_knowledge_domain|fight_knowledge_domain|media|motion_knowledge_domain|picture_knowledge_domain|video_knowledge_domain|visual	asset_work_object|audio_work_object|automated_fly_work_object|followspot_work_object|intelligent_work_object|light_board_work_object|mask_work_object|prop_mistress_work_object|prop_work_object|scenery_work_object|script_work_object|stand_work_object	specific
14942	Information And Communications Technology Operations And User Support Technicians	agent|manager|operator|technician|webmaster	none	centre|office	help_desk		customers	security|support	aviation|transport	communications|ict_knowledge_domain	data_work_object|network_work_object	specific
14947	Telecommunications And Broadcasting Technicians	designer|editor|engineer|operator|projectionist|technician	none	site|studio	broadcast			mastering_task|performance|recording_task|rental	audio_visual_industry	engineering|media|sound_knowledge_domain|telecommunications|visual	audio_work_object|boom_work_object|camera_work_object|sound_work_object|video_work_object	specific
14952	General Office Clerks	administrator|clerk	none	office			customers				membership_work_object	specific
14954	Secretaries General	secretary	none	office				support				specific
14956	Keyboard Operators	clerk|operator|typist	none	office				entry				specific
14960	Tellers Money Collectors And Related Clerks	bookmaker|boss|caller|cashier|clerk|collector|compiler|dealer|manager|operator|pawnbroker|teller	none|chief	office			customers	casino_task|gaming_task|post_task	bank|banking|insurance		counter_work_object|debt_work_object|lottery_work_object|race_track_work_object	specific
14965	Client Information Workers	agent|auditor|clerk|concierge|consultant|dispatcher|enumerator|host|hostess|interviewer|officer|operative|operator|organiser|receptionist|representative|steward|stewardess	none	centre|clinic|hotel|market|office|railway|reception	call_centre|telephone		customer|passenger|patient|tourist	camping_task|client_task|establishment_task|research|sales|service|support|ticket_task	emergency_industry|front_line_industry|hospitality|live_industry|medical|transport|veterinary	communications|information|travel	chat_work_object|night_work_object|switchboard_work_object|tour_work_object	specific
14975	Numerical Clerks	administrator|assistant|cashier|clerk|specialist	none	market|office			customers	account|auditing|billing_task|process|sales|support	financial|insurance|investment	accounting|back_knowledge_domain|foreign|tax	back_work_object|payroll_work_object	specific
14979	Material Recording And Transport Clerks	adviser|clerk|controller|coordinator|dispatcher|manager|operator|pilot|planner|representative|scheduler|specialist|supervisor	none	airport|factory|office|port|reception|warehouse		gas_product	passengers	aircraft_cargo_task|assembly|baggage_task|clothing_task|dangerou_good_task|flow|maintenance|operations|safety|scheduling_task|transmission_task	aviation|inventory_industry|logistics|material_industry|road|traffic_industry|transport	raw_knowledge_domain	bridge_work_object|bus_route_work_object|footwear_work_object|gas_work_object|leather_good_work_object|materials_work_object|move_work_object|pipeline_route_work_object|raw_work_object|system_work_object|taxi_work_object|tram_work_object	specific
14984	Other Clerical Support Workers	assistant|clerk|postman|proofreader|worker	assistant|none	office			customers	advertising|correspondence|support	library_industry	foreign_language|human_resources	file_work_object|mail_work_object	residual_when_no_specific_family
14914	Administrative And Specialised Secretaries	administrator|analyst|assistant|auditor|coordinator|executive|manager|officer|registrar|reporter|scopist|secretary|supervisor|transcriptionist	none|supervisor	centre|court|office	call_centre		customers|student	administrative|education_task|entry|fundraising_task|management|procurement_task|project|quality|support|work	civil|editorial_industry|international_industry|legal|medical|practice_industry|transport		field_survey_work_object|supply_chain_work_object	specific
14994	Travel Attendants Conductors And Guides	agent|attendant|chief|conductor|controller|educator|guide|manager|officer|steward|stewardess	none|supervisor	park|railway|zoo			passenger|tourist	education_task|service	aviation|environmental|transport	tourism_knowledge_domain|travel	fare_work_object|train_work_object	specific
14998	Cooks	chef|cook|head	none|supervisor	kitchen|restaurant			customers		industrial|private		diet_work_object|grill_work_object|pastry_work_object	specific
15000	Waiters And Bartenders	barista|bartender|head|host|hostess|sommelier|waiter|waitress	none|supervisor	bar|restaurant			customer|guest		hospitality		beer_work_object|wine_work_object	specific
15003	Hairdressers Beauticians And Related Workers	aesthetician|artist|assistant|attendant|barber|consultant|designer|hairdresser|manicurist|masseur|pedicurist|stylist|technician	assistant|none	salon|studio				performance|tanning_task	beauty|personal_industry|removal_industry	make_up_knowledge_domain|weight_loss_knowledge_domain	hair_work_object|spa_work_object	specific
15006	Building And Housekeeping Supervisors	butler|caretaker|housekeeper|operator|sitter|supervisor|verger	none|supervisor	hotel|house			guests	building|housekeeping_task	domestic_industry		bed_work_object|breakfast_work_object	specific
15010	Other Personal Services Workers	astrologer|attendant|breeder|companion|consultant|director|embalmer|escort|groomer|guide|handler|host|hostess|instructor|leader|medium|pedicure|psychic|sitter|supervisor|teller|trainer|worker|zookeeper	none	club|shelter|zoo			animal|pet	care|dating_task|driving|section_task|service|services|steering_task	funeral_industry|road|transport	bus_knowledge_domain|car_knowledge_domain|dog_knowledge_domain|horse_knowledge_domain|motorcycle_knowledge_domain|truck_knowledge_domain|vessel_knowledge_domain	cattle_work_object|cemetery_work_object|kennel_work_object|truck_work_object	residual_when_no_specific_family
15018	Street And Market Salespersons	vendor	none	market			customer				street_food_work_object	specific
15021	Shop Salespersons	adviser|agent|assistant|dealer|entrepreneur|hand|processor|seller|shopper|supervisor	none|supervisor	garden|shop	retail	ammunition_product|appliances_product|audio_product|bakery_product|beverages_product|bookshop_product|car_product|clothing_product|computer_product|confectionery_product|cosmetics_product|delicatessen_product|equipment_product|eyewear_product|fish_product|floor_product|flower_product|food_product|fruit_product|furniture_product|games_product|goods_product|hardware_product|jewellery_product|leather_product|materials_product|meat_product|meat_product_product|multimedia_product|paint_product|perfume_product|press_product|seafood_product|shoe_product|software_product|stationery_product|supply_product|textile_product|tobacco_product|toy_product|vegetable_product|video_product|wall_product	customer|pet	building|leasing_task|sales|sporting_task	automotive|domestic_industry|medical|optical_industry|orthopaedic_industry|personal_industry|press_industry|specialised	audiology_knowledge_domain|music|telecommunications	antique_work_object|checkout_work_object|motor_vehicle_part_work_object|second_work_object	specific
15025	Cashiers And Ticket Clerks	cashier|clerk	none	shop			customer|passenger	issuing_task|ticket_task	transport			specific
15027	Other Sales Workers	agent|demonstrator|leader|manager|model|representative|seller|worker	none|supervisor	office|restaurant	call_centre	car_product|disk_product|door_product|equipment_product|fuel_product|goods_product|household_good_product|light_motor_product|machinery_product|sports_product|tangible_product|tape_product|vehicle_product|vehicles_product|video_product|water_product	customer	promotion_task|quick_task|rental|sales|service|station_task	agricultural|aviation|civil|construction|fashion|personal_industry|recreational_industry|specialised|team_industry|transport	art|engineering	truck_work_object	residual_when_no_specific_family
15036	Child Care Workers And Teachers Aides	assistant|attendant|babysitter|nanny|pair|worker	assistant|none	home|primary_school|school|secondary_school			child|early_years_population|pupil|special_educational_needs	care|day_task|teaching	road|transport			specific
15039	Personal Care Workers In Health Services	aide|assistant|nurse|phlebotomist|porter|technician	assistant|none	home|hospital			patient	care|services|support|work	health|healthcare		sterile_work_object	specific
15044	Protective Services Workers	bodyguard|consultant|controller|firefighter|guard|inspector|investigator|keeper|marshaller|officer|operator|supervisor|warden|worker	none|supervisor	airport|facility|mine|prison			animal|animals|passengers	crossing_task|enforcement_task|establishment_task|rescue|response|safety|security	aviation|civil|correctional|emergency_industry|hospitality|industrial|juvenile_industry|marine|public|road|transport|welfare		armoured_car_work_object|coastguard_watch_work_object|crowd_work_object|gate_work_object|pump_work_object|security_alarm_work_object	specific
15052	Market Gardeners And Crop Growers	arboriculturist|farmer|groundsman|landscaper|leader|manager|master|operator|supervisor|surgeon|worker	none|supervisor	cellar|farm|garden|vineyard				horticulture_task|production	agriculture|agronomic_industry|crop_industry|interior|team_industry		machinery_work_object	specific
15057	Animal Producers	breeder|manager|producer|sexer|shepherd	none|supervisor	facility|farm|yard			animal|animals|equine				bee_work_object|cattle_work_object|fur_work_object|pig_work_object|poultry_work_object|sheep_work_object	specific
15062	Mixed Crop And Animal Producers	farmer|manager	manager|none	farm			animals		agriculture			specific
15065	Forestry And Related Workers	ranger|worker	none						forestry		forest_work_object	specific
15067	Fishery Workers Hunters And Trappers	boatman|boatmaster|hunter|manager|master|technician|worker	none|supervisor	hatchery|site			animals	harvesting_task|husbandry|mooring|rearing_task|recirculation_task	aquaculture|deep_sea_industry|fisheries|transport		cage_work_object|water_based_work_object	specific
15083	Building Frame And Related Trades Workers	assembler|bricklayer|builder|carpenter|engraver|finisher|installer|maker|scaffolder|setter|steeplejack|stonemason|worker	none	house|kitchen|site				building|demolition_task	construction		brick_work_object|door_work_object|fireplace_work_object|frame_work_object|manufactured_wooden_work_object|staircase_work_object|stone_work_object|tent_work_object|unit_work_object|window_work_object	specific
15090	Building Finishers And Related Trades Workers	finisher|fitter|glazier|installer|layer|operative|plasterer|plumber|roofer|servicer|sewer|technician|worker	none	site				ceiling_task|conservation_task|heating_task|insulation_task|irrigation_task|maintenance|repair|service|ventilation_task	construction|septic_industry		bathroom_work_object|drain_work_object|gas_work_object|plate_glass_work_object|sewerage_network_work_object|sprinkler_work_object|system_work_object|tile_work_object|water_based_work_object|water_network_work_object	specific
15098	Painters Building Structure Cleaners And Related Trades Workers	cleaner|operator|painter|paperhanger|supervisor|sweep|worker	none|supervisor	site				abatement_task|asbesto_task|building|decontamination_task|equipment_task|treatment	construction|marine|transport		lacquer_spray_gun_work_object|surface_work_object	specific
15103	Sheet And Structural Metal Workers Moulders And Welders And Related Workers	assembler|boilermaker|brazier|coordinator|coppersmith|ironworker|moulder|mouldmaker|operative|rigger|riveter|scaffolder|shipwright|solderer|stagehand|supervisor|welder|worker	none	plant|workshop_venue				casting_task|coquille_task|dismantling_task|mould_task|rigging_task|welding	event|metal_industry|sheet_industry|structural_industry|transport		boat_work_object|container_work_object|electron_beam_work_object|equipment_work_object|foundry_work_object|high_work_object|laser_beam_work_object|pipe_work_object|spot_work_object	specific
15109	Blacksmiths Toolmakers And Related Trades Workers	blacksmith|cutter|farrier|fitter|grinder|gunsmith|locksmith|machinist|maker|mechanic|operative|operator|planer|polisher|turner|worker	none	plant|workshop_venue				boring_task|briquetting_task|burning_task|casting_task|control|cutting|drilling_task|drop_task|engraving_task|erosion_task|forging_task|grinding_task|machine_task|making_task|marking_task|metalworking_task|milling_task|mould_task|moulding|nibbling_task|precision_task|rolling_task|sawing_task|stamping_task|straightening_task|swaging_task|treatment|turning_task|upsetting_task	hydraulic_industry|mechanical|metal_industry|numerical_industry|ornamental_industry|press_industry		chain_work_object|computer_work_object|die_work_object|drill_work_object|furnace_work_object|gear_work_object|heat_work_object|laser_work_object|lathe_work_object|machine_work_object|oxy_fuel_work_object|plasma_work_object|press_work_object|punch_work_object|router_work_object|screw_work_object|spark_work_object|thread_work_object|water_based_work_object	specific
15114	Machinery Mechanics And Repairers	assistant|attendant|coachbuilder|coordinator|engineer|fitter|greaser|installer|mechanic|repairer|specialist|supervisor|technician	none|supervisor	plant|workshop_venue				de_icer|maintenance|moulding|overhaul|refurbishing_task|repair|restoration_task|rotating_task|service	agricultural|automotive|aviation|construction|fisheries|forestry|industrial|marine|mining|mobile|pneumatic_industry|road|transport	aircraft_engine_knowledge_domain	aircraft_work_object|bicycle_work_object|brake_work_object|crane_work_object|diesel_work_object|engine_work_object|equipment_work_object|fluid_power_work_object|forge_work_object|gas_turbine_work_object|land_based_work_object|land_work_object|machine_work_object|machinery_work_object|roadside_work_object|systems_work_object|textile_work_object|tool_work_object|truck_work_object|tyre_work_object|vehicle_work_object	specific
15120	Handicraft Workers	assembler|basketmaker|beveller|blower|builder|caster|cutter|engraver|goldsmith|hand|jeweller|knitter|maker|moulder|mounter|painter|papermaker|polisher|potter|repairer|restorer|setter|silversmith|technician|toymaker|watchmaker|weaver|woodcarver|worker	none	studio|workshop_venue			customers	fishing_task|instrument_task|net_task|precision_task|production|repair	artisanal_industry|ceramic_industry|decorative_industry|metal_industry|optical_industry|sports|surgical_industry	musical|sign	brick_work_object|brush_work_object|candle_work_object|carpet_handicraft_work_object|clock_work_object|craft_work_object|equipment_work_object|filigree_work_object|guitar_work_object|harp_work_object|harpsichord_work_object|instrument_work_object|jewellery_work_object|organ_work_object|piano_work_object|porcelain_work_object|pottery_work_object|precious_work_object|stone_work_object|violin_work_object|watch_work_object|wicker_furniture_work_object	specific
15130	Printing Trades Workers	imagesetter|lithographer|operator|printer|restorer|technician|typesetter	none	room|shop				book_sewing_task|embossing_task|folding_task|making_task|printing|scanning_task	digital|flexographic_industry		bindery_work_object|book_work_object|gravure_work_object|hot_foil_work_object|machine_work_object|offset_work_object|paper_work_object|prepress_work_object|press_work_object|print_work_object|reprographics_work_object|screen_work_object|sewing_machine|textile_work_object	specific
15135	Electrical Equipment Installers And Repairers	electrician|installer|jointer|mechanic|officer|operator|technician|worker	none	mine|park|railway	distribution		customers	building|lighting_task|maintenance|repair	automotive|domestic_industry|electric_industry|electrical|energy|event|geothermal_industry|industrial|marine|mining|road|solar|transport		appliances_work_object|battery_work_object|electricity_work_object|household_work_object|lift_work_object|meter_work_object|overhead_line_work_object|power_work_object|ski_lift_work_object|theme_work_object|tool_work_object	specific
15139	Electronics And Telecommunications Installers And Repairers	installer|maintainer|repairer|technician	none	home|office|railway|site	phone		customers	communication_task|equipment_task|repair	aviation|electronic|marine|mobile|optic_industry|transport	communications|electronics|telecommunications	atm_work_object|avionics_work_object|computer_work_object|consumer_work_object|devices_work_object|equipment_work_object|fibre_work_object|hardware_work_object|radio_work_object|security_alarm_work_object|smart_work_object|tramway_work_object|vehicle_work_object	specific
15143	Food Processing And Related Trades Workers	baker|butcher|chocolatier|confectioner|controller|cutter|grader|maker|master|operator|presser|roaster|slaughterer|sorter|taster|tier|trimmer|worker	none	farm|mill|plant|reception|room|shop			customers	curing_task|preparation_task|process	coffee_industry|dairy|halal_industry		fish_work_object|malt_work_object|meat_work_object|milk_work_object|oil_work_object|pastry_work_object	specific
15150	Wood Treaters Cabinet Makers And Related Trades Workers	cooper|finisher|maker|model|operator|reproducer|restorer|sander|treater|woodturner|worker	none	factory|workshop_venue			customers	boring_task|drying_task|nailing_task|recreation_task			antique_work_object|cabinet_work_object|kiln_work_object|machine_work_object|wood_pallet_work_object|wood_work_object|wooden_furniture_work_object	specific
15154	Garment And Related Trades Workers	cutter|developer|dressmaker|embroiderer|grader|hand|machinist|maker|manufacturer|milliner|operator|patternmaker|prototyper|repairer|sewer|shoemaker|sorter|stitcher|tailor|tanner|technician|upholsterer|worker	none	factory|railway|studio|workshop_venue		made_up_product	customers	apparel_task|clothing_task|cutting|finishing|lasting_task|sewing|wearing_task	automotive|aviation|digital|interior|manual_industry|marine|orthopaedic_industry	cad	aircraft_work_object|bespoke_footwear_work_object|doll_work_object|footwear_3d_work_object|footwear_work_object|glove_work_object|hairpiece_work_object|hide_work_object|leather_good_work_object|shoe_work_object|wig_work_object	specific
15161	Other Craft And Related Workers	controller|diver|driver|grader|inspector|operator|shotfirer|specialist|sprayer|technician|tester|worker	none	plant|railway|site|workshop_venue			customers	assembly|clothing_task|control|inspection|management|pest_task|precision_task|quality|quality_assurance|rescue|test|testing	automotive|aviation|commercial|construction|electrical|metal_industry|non_destructive_industry|optical_industry|road|transport	electronics|non_knowledge_domain	aircraft_work_object|automated_work_object|battery_work_object|board_work_object|cigar_work_object|circuit_work_object|consumer_good_work_object|device_work_object|equipment_work_object|harvest_work_object|lumber_work_object|motor_vehicle_work_object|panel_work_object|pesticide_work_object|printed_work_object|product_work_object|textile_work_object|veneer_work_object|vessel_work_object	residual_when_no_specific_family
15169	Mining And Mineral Processing Plant Operators	derrickhand|digger|driller|maker|miner|mixer|motorhand|moulder|operator|planer|polisher|pusher|roughneck|roustabout|splitter|technician	none	mine|plant|site				boring_task|crushing_task|dewatering_task|process|processing	cell_industry|construction|electrolytic_industry|mineral_industry|mining|mobile|transport		asphalt_work_object|block_work_object|concrete_product_work_object|drill_work_object|equipment_work_object|machine_work_object|pipeline_work_object|precast_work_object|pump_work_object|slate_work_object|stone_work_object|tunnel_work_object|underground_heavy_work_object	specific
15174	Metal Processing And Finishing Plant Operators	annealer|caster|enameller|grinder|maker|operator|rustproofer	none	mill|plant|workshop_venue				anodising_task|blasting|casting_task|coating_task|deburring_task|drawing_task|electroplating_task|extrusion_task|filing_task|grinding_task|rolling_task|spring_task|tumbling_task|weaving_task	abrasive_industry|cylindrical_industry|metal_industry		dip_work_object|machine_work_object|surface_work_object|tank_work_object|wire_work_object	specific
15177	Chemical And Photographic Products Plant And Machine Operators	attendant|bleacher|blender|chipper|developer|fermenter|gauger|maker|mixer|neutraliser|operator	none	mine|plant|room				coking_task|control|digestion|distillation_task|drying_task|filament_task|filling_task|machine_task|motion_task|process|production|pyrotechnics_task	anaerobic_industry|chemical|photographic_industry		capsule_work_object|cosmetics_work_object|fertiliser_work_object|furnace_work_object|granulator_work_object|lacquer_work_object|lime_kiln_work_object|machine_work_object|nitrator_work_object|nitroglycerin_separator_work_object|nonwoven_work_object|perfume_work_object|pesticide_work_object|picture_film_work_object|pill_work_object|plodder_work_object|soap_drier_work_object|soap_tower_work_object|soap_work_object|varnish_work_object	specific
15180	Rubber Plastic And Paper Products Machine Operators	assembler|builder|coverer|cutter|finisher|laminator|maker|mixer|operator|tender|vulcaniser|winder	none	factory				coagulation_task|compression_task|cutting|dipping_task|filament_task|forming_task|injection_task|insulating_task|machine_task|mould_task|moulding|perforating_task|pultrusion_task|rewinding_task|rolling_task|treatment|winding_task	optical_industry|plastic_industry|sectional_industry		absorbent_pad_work_object|belt_mould_work_object|belt_work_object|blow_work_object|cake_work_object|corrugator_work_object|disc_work_object|envelope_work_object|equipment_work_object|fibreglass_work_object|foam_rubber_work_object|furniture_work_object|heat_work_object|machine_work_object|paper_bag_work_object|paper_stationery_work_object|paper_work_object|paperboard_product_work_object|press_work_object|record_work_object|rubber_good_work_object|rubber_product_work_object|rubber_work_object|tissue_paper_work_object|tyre_work_object|v_belt_work_object|vacuum_work_object	specific
15184	Textile Fur And Leather Products Machine Operators	assembler|dyer|ironer|machinist|manufacturer|operator|spinner|supervisor|technician|worker	none	factory|laundry		made_up_product		alteration_task|apparel_task|braiding_task|clothing_task|cutting|dyeing_task|finishing|knitting_task|lasting_task|machine_task|maintenance|making_task|measuring_task|pre_lasting_task|pre_stitching_task|process|production|sample_task|sampling|spinning_task|stitching_task|tufting_task|twisting_task|weaving_task|winding_task	protective_industry		automated_work_object|canva_good_work_object|colour_work_object|cotton_gin_work_object|embroidery_work_object|footwear_work_object|fur_work_object|heel_work_object|leather_good_work_object|leather_work_object|machine_work_object|mattress_work_object|nonwoven_staple_work_object|nonwoven_textile_work_object|pre_work_object|sewing_machine|sole_work_object|textile_pattern_work_object|textile_work_object	specific
15193	Food And Related Products Machine Operators	attendant|blender|canner|clarifier|cleaner|distiller|extractor|fermenter|filler|grinder|manufacturer|miller|mixer|operator|roaster|technician|tender|tester|worker	none	cellar|house|mill|plant			animal	baking_task|blanching_task|blending_task|canning|carbonation_task|chilling_task|converting_task|extraction_task|fat_purification_task|fat_task|fermentation_task|filtration_task|germination_task|grinding_task|hydrogenation_task|machine_task|making_task|manufacturing|moulding|process|processing|production|refining_task|treatment	coffee_industry|dairy		beverage_work_object|brew_work_object|bulk_work_object|cacao_bean_work_object|candy_work_object|centrifuge_work_object|chocolate_work_object|cider_work_object|cigarette_work_object|cocoa_work_object|distillery_work_object|dryer_work_object|extract_work_object|feed_work_object|fish_work_object|flour_purifier_work_object|food_work_object|fruit_work_object|kettle_work_object|liquor_work_object|machine_work_object|malt_kiln_work_object|milk_heat_work_object|pasta_work_object|prepared_meat_work_object|press_work_object|sauce_work_object|starch_work_object|sugar_refinery_work_object|wine_work_object	specific
15195	Wood Processing And Papermaking Plant Operators	bleacher|chipper|operator|pelletiser|planer|technician	none	mill|plant				deinking_task|flotation_task|laminating_task|moulding|process			band_saw_work_object|crosscut_saw_work_object|debarker_work_object|digester_work_object|engineered_wood_board_work_object|froth_work_object|machine_work_object|paper_pulp_work_object|paper_work_object|pulp_work_object|router_work_object|sawmill_work_object|table_saw_work_object|veneer_slicer_work_object|wash_work_object|wood_work_object	specific
15198	Other Stationary Plant And Machine Operators	annealer|brander|burner|caster|filler|firer|operator|polisher|tender	none	factory|plant|room				bottling_task|canning|drawing_task|filling_task|finishing|forming_task|machine_task|packaging_task|packing_task|sealing_task			auger_work_object|boiler_work_object|brick_work_object|clay_product_dry_kiln_work_object|cylinder_work_object|dry_work_object|edge_bander_work_object|fibre_machine_work_object|footwear_work_object|glass_work_object|heat_work_object|kiln_work_object|leather_good_work_object|line_work_object|machine_work_object|press_work_object|slitter_work_object|steam_work_object|tile_work_object|tunnel_kiln_work_object	residual_when_no_specific_family
15204	Assemblers	assembler|maker|operator|processor	none	factory|railway|workshop_venue				assembly|control|installation|instrument_task|soldering_task	aviation|dental_industry|electrical|electromechanical_industry|electronic|industrial|mechatronics|medical|metal_industry|photographic_industry|plastic_industry|road|transport	electronics|musical|technology	aircraft_work_object|ammunition_work_object|battery_work_object|bicycle_work_object|board_work_object|body_work_object|cable_work_object|circuit_work_object|device_work_object|engine_work_object|equipment_work_object|firework_work_object|furniture_work_object|instrument_work_object|jewellery_work_object|machine_work_object|machinery_work_object|motor_vehicle_part_work_object|motor_vehicle_work_object|motorcycle_work_object|panel_work_object|printed_work_object|rubber_good_work_object|surface_mount_work_object|vessel_work_object|wave_work_object|wire_harness_work_object|wood_product_work_object	specific
15209	Locomotive Engine Drivers And Related Workers	dispatcher|driver|preparer|shunter|signalperson|switchperson	none	railway|yard			passengers	crossing_task|level_task	transport		train_work_object	specific
15212	Car Van And Motorcycle Drivers	chauffeur|courier|driver|person|valet	none		distribution		customer|passenger|patient	delivery|parking_task|services|van_task	automotive|private|road|transport		armoured_car_work_object|hearse_work_object|taxi_work_object	specific
15215	Heavy Truck And Bus Drivers	chauffeur|driver|operator|transporter	none				animal|animals|passengers	dangerou_good_task|moving_task|service	live_industry|road|transport		aircraft_work_object|cargo_vehicle_work_object|concrete_work_object|fire_work_object|fuel_work_object|pump_work_object|refuse_vehicle_work_object|system_work_object|tow_truck_work_object|tram_work_object|trolley_bus_work_object|truck_work_object|vehicle_work_object	specific
15218	Mobile Plant Operators	controller|grader|operator|supervisor|worker	none|supervisor	mine|plant|site|warehouse				driving|production|snow_clearing_task|snow_task	construction|forestry|mining|mobile|road|transport		automated_cable_vehicle_work_object|bulldozer_work_object|container_work_object|crane_work_object|dredge_work_object|equipment_work_object|excavator_work_object|forklift_work_object|hammer_work_object|land_based_work_object|land_work_object|machinery_work_object|pile_work_object|roller_work_object|scraper_work_object|surface_work_object|tower_crane_work_object	specific
15223	Ships Deck Crews And Related Workers	boatswain|deckhand|decksman|minder|sailor|seaman	none	port				support	fisheries|ordinary_industry|transport		deck_work_object|engine_work_object	specific
15227	Domestic Hotel And Office Cleaners And Helpers	attendant|cleaner|groomer	assistant|none	hospital|hotel|office|room			guests|patients	building|help	aviation|domestic_industry|transport		toilet_work_object|train_work_object	specific
15230	Vehicle Window Laundry And Other Hand Cleaning Workers	attendant|cleaner|presser|worker	none	facility|laundry|park|room			customers	amusement_task|apparel_task|swimming_task|wearing_task	road|transport		drapery_work_object|linen_work_object	specific
15236	Agricultural Forestry And Fishery Labourers	catcher|collector|groom|labourer|picker|worker	none	farm|garden|site|vineyard			animals|equine|livestock	harvesting_task|horticulture_task|labour_task|mooring|production	agriculture|aquaculture|aquatic_industry|crop_industry|foot_industry|forestry|transport	resources_knowledge_domain	forest_work_object	specific
15244	Mining And Construction Labourers	assistant|installer|labourer|layer|marker|worker	none	mine|site				building|labour_task|maintenance|support	civil|construction|mining|road|transport|waterway_industry	engineering|sign		specific
15248	Manufacturing Labourers	caulker|finisher|hand|packer	none	factory				clothing_task|manufacturing				specific
15251	Transport And Storage Labourers	courier|dispatcher|driver|filler|handler|labourer|mover|operator|packer|picker|stevedore|superintendent|worker	none	airport|centre|warehouse	distribution	goods_product	customers|passengers	baggage_task	aviation|intermodal_industry|road|transport		cargo_work_object|carriage_work_object|equipment_work_object|freight_work_object|materials_work_object|rail_work_object|shelf_work_object	specific
15257	Food Preparation Assistants	assistant|member|pizzaiolo|porter	assistant|none	kitchen|restaurant			customers	quick_task|service				specific
15261	Street And Related Service Workers	distributor|worker	none			leaflet_product		service				specific
15263	Street Vendors Excluding Food	hawker|vendor	none	market			customer					specific
15266	Refuse Workers	collector|labourer|sorter|sweeper|worker	none	facility				recycling_task	road|transport		refuse_work_object	specific
15270	Other Elementary Workers	attendant|doorman|handyperson|installer|operator|porter|reader|usher	none	hotel|room|site			guests	advertising|amusement_task|attraction_task|recreation_task|vending_task			cloak_work_object|laundromat_work_object|locker_work_object|machine_work_object	residual_when_no_specific_family
